incident_id,tanggal,lokasi,narasi
HSE-26-0001,2026-06-27,GS-ML1,"Pada 27/06/2026 pukul 16.30 di GS-ML1, pekerja bekerja dekat flowline panas tanpa sarung tangan tahan panas di sumur steamflood KN-111. Tidak terjadi cedera; supervisor menghentikan pekerjaan sebelum terjadi kontak. Kontraktor terkait diberi teguran."
HSE-26-0002,2026-01-30,GS-SR1,"Pada 30/01/2026 pukul 14.15 di GS-SR1, baut jatuh dari pipe rack ketika lifting. Beruntung tidak ada yang cedera dan tidak ada aset rusak. Dilaporkan sebagai pembelajaran."
HSE-26-0003,2026-04-16,Pad sumur ML-012,"Pada 16/04/2026 pukul 22.30 di Pad sumur ML-012, pekerja di platform separator (±8 m) tidak mengaitkan full body harness. Memar kecil, dikompres dingin oleh first aider, lanjut bekerja di shift yang sama."
HSE-26-0004,2026-09-03,Workshop Kenanga,"Pada 03/09/2026 pukul 13.00 di Workshop Kenanga, pick-up mundur menyenggol pagar wellhead KN-177. Terjadi patah tulang jari, korban tidak dapat bekerja selama 2 hari. Kontraktor terkait diberi teguran."
HSE-26-0005,2026-06-26,GS-SR1,"Pada 26/06/2026 pukul 10.00 di GS-SR1, pekerja bekerja dekat flowline panas tanpa sarung tangan tahan panas di sumur steamflood KN-066. Beruntung tidak ada yang cedera dan tidak ada aset rusak. Dilaporkan sebagai pembelajaran. Kontraktor terkait diberi teguran."
HSE-26-0006,2026-05-14,GS-SR1,"Pada 14/05/2026 pukul 16.30 di GS-SR1, saat pekerjaan grinding, percikan api mengenai ceceran minyak. Tidak terjadi cedera; supervisor menghentikan pekerjaan sebelum terjadi kontak."
HSE-26-0007,2026-09-11,GS-KN1,"Pada 11/09/2026 pukul 16.00 di GS-KN1, panel VSD terbuka tanpa LOTO saat pengecekan. Tidak ada yang cedera, tetapi housing instrumen pecah dan perlu penggantian."
HSE-26-0008,2026-09-27,GS-ML1,"Pada 27/09/2026 pukul 06.30 di GS-ML1, saat pekerjaan grinding, percikan api mengenai ceceran minyak. Tidak terjadi cedera; supervisor menghentikan pekerjaan sebelum terjadi kontak. Investigasi oleh supervisor HSE."
HSE-26-0009,2026-02-25,GS-KN1,"Pada 25/02/2026 pukul 07.45 di GS-KN1, terhirup bau gas saat bleed-off di wellhead, detector menunjukkan 15 ppm H2S. Memar kecil, dikompres dingin oleh first aider, lanjut bekerja di shift yang sama."
HSE-26-0010,2026-02-14,GS-KN1,"Pada 14/02/2026 pukul 20.15 di GS-KN1, percikan las mengenai kain majun dan sempat menyala. Beruntung tidak ada yang cedera dan tidak ada aset rusak. Dilaporkan sebagai pembelajaran. Kontraktor terkait diberi teguran."
HSE-26-0011,2026-07-21,GS-SR1,"Pada 21/07/2026 pukul 09.45 di GS-SR1, tangga portable bergeser saat dipakai naik ke tangki. Beruntung tidak ada yang cedera dan tidak ada aset rusak. Dilaporkan sebagai pembelajaran."
HSE-26-0012,2026-05-29,GS-KN2,"Pada 29/05/2026 pukul 20.30 di GS-KN2, percikan las mengenai kain majun dan sempat menyala. Mendapat perawatan luka bakar derajat 1 oleh dokter klinik, kembali bekerja shift berikutnya."
HSE-26-0013,2026-09-29,GS-KN1,"Pada 29/09/2026 pukul 08.45 di GS-KN1, kendaraan operasional tergelincir di jalan tanah licin dekat pad SR-017. Tidak ada yang cedera, tetapi housing instrumen pecah dan perlu penggantian."
HSE-26-0014,2026-05-01,GS-KN2,"Pada 01/05/2026 pukul 12.45 di GS-KN2, kebocoran fitting steam line di KN-157, uap panas menyembur ke arah jalur pejalan kaki. Beruntung tidak ada yang cedera dan tidak ada aset rusak. Dilaporkan sebagai pembelajaran."
HSE-26-0015,2026-05-13,GS-ML1,"Pada 13/05/2026 pukul 13.30 di GS-ML1, pick-up mundur menyenggol pagar wellhead KN-098. Mendapat perawatan luka bakar derajat 1 oleh dokter klinik, kembali bekerja shift berikutnya."
HSE-26-0016,2026-09-04,Workshop Kenanga,"Pada 04/09/2026 pukul 06.00 di Workshop Kenanga, gas detector personal berbunyi 8 ppm H2S saat membuka hatch tangki. Korban dibawa ke klinik, luka dijahit 4 jahitan dan diberi obat resep dokter. Masuk kerja keesokan harinya seperti biasa."
HSE-26-0017,2026-07-04,GS-SR1,"Pada 04/07/2026 pukul 17.45 di GS-SR1, kabel ekstensi terkelupas dipakai di area basah. Korban mengalami lecet ringan, dibersihkan dan diberi plester di P3K lokasi lalu kembali bekerja."
HSE-26-0018,2026-05-07,GS-KN1,"Pada 07/05/2026 pukul 16.15 di GS-KN1, pick-up mundur menyenggol pagar wellhead KN-054. Tidak terjadi cedera; supervisor menghentikan pekerjaan sebelum terjadi kontak."
HSE-26-0019,2026-05-09,Jalan akses Seruni,"Pada 09/05/2026 pukul 07.00 di Jalan akses Seruni, panel VSD terbuka tanpa LOTO saat pengecekan. Memar kecil, dikompres dingin oleh first aider, lanjut bekerja di shift yang sama."
HSE-26-0020,2026-03-16,Jalan akses Seruni,"Pada 16/03/2026 pukul 16.00 di Jalan akses Seruni, pekerja bekerja dekat flowline panas tanpa sarung tangan tahan panas di sumur steamflood KN-087. Tidak ada korban maupun kerusakan. Pekerjaan dihentikan dan dilakukan toolbox talk ulang."
HSE-26-0021,2026-04-19,GS-KN2,"Pada 19/04/2026 pukul 20.45 di GS-KN2, truk vakum tergelincir dan hose terlepas saat transfer. Air terproduksi ±7 barel meluap dari pit ke parit, dilakukan containment."
HSE-26-0022,2026-01-03,GS-KN1,"Pada 03/01/2026 pukul 12.45 di GS-KN1, V-belt pumping unit dipasang tanpa mematikan prime mover. Tidak ada korban maupun kerusakan. Pekerjaan dihentikan dan dilakukan toolbox talk ulang."
HSE-26-0023,2026-07-23,Workshop Kenanga,"Pada 23/07/2026 pukul 13.30 di Workshop Kenanga, gas detector personal berbunyi 25 ppm H2S saat membuka hatch tangki. Tidak terjadi cedera; supervisor menghentikan pekerjaan sebelum terjadi kontak."
HSE-26-0024,2026-01-09,GS-ML1,"Pada 09/01/2026 pukul 09.45 di GS-ML1, saat pekerjaan grinding, percikan api mengenai ceceran minyak. Tidak ada korban maupun kerusakan. Pekerjaan dihentikan dan dilakukan toolbox talk ulang."
HSE-26-0025,2026-03-02,GS-ML1,"Pada 02/03/2026 pukul 13.45 di GS-ML1, tangga portable bergeser saat dipakai naik ke tangki. Korban dirawat di RS dan mendapat surat istirahat 5 hari dari dokter."
HSE-26-0026,2026-05-20,Pad sumur KN-061,"Pada 20/05/2026 pukul 06.30 di Pad sumur KN-061, saat pekerjaan grinding, percikan api mengenai ceceran minyak. Korban mengalami lecet ringan, dibersihkan dan diberi plester di P3K lokasi lalu kembali bekerja."
HSE-26-0027,2026-01-11,Workshop Kenanga,"Pada 11/01/2026 pukul 11.00 di Workshop Kenanga, saat pekerjaan grinding, percikan api mengenai ceceran minyak. Memar kecil, dikompres dingin oleh first aider, lanjut bekerja di shift yang sama. Kontraktor terkait diberi teguran."
HSE-26-0028,2026-03-17,GS-SR1,"Pada 17/03/2026 pukul 19.15 di GS-SR1, gas detector personal berbunyi 6 ppm H2S saat membuka hatch tangki. Korban mengalami lecet ringan, dibersihkan dan diberi plester di P3K lokasi lalu kembali bekerja."
HSE-26-0029,2026-04-05,GS-ML1,"Pada 05/04/2026 pukul 22.45 di GS-ML1, tangga portable bergeser saat dipakai naik ke tangki. Tidak terjadi cedera; supervisor menghentikan pekerjaan sebelum terjadi kontak. Investigasi oleh supervisor HSE."
HSE-26-0030,2026-04-28,Pad sumur KN-033,"Pada 28/04/2026 pukul 06.00 di Pad sumur KN-033, flowline KN-033 bocor karena korosi. Ceceran minyak ±2 barel mencapai saluran drainase, tim tanggap darurat dikerahkan."
HSE-26-0031,2026-04-22,GS-SR1,"Pada 22/04/2026 pukul 19.00 di GS-SR1, gas detector personal berbunyi 8 ppm H2S saat membuka hatch tangki. Tidak terjadi cedera; supervisor menghentikan pekerjaan sebelum terjadi kontak."
HSE-26-0032,2026-09-01,GS-KN1,"Pada 01/09/2026 pukul 20.15 di GS-KN1, pekerja di platform separator (±15 m) tidak mengaitkan full body harness. Tidak terjadi cedera; supervisor menghentikan pekerjaan sebelum terjadi kontak."
HSE-26-0033,2026-08-21,GS-KN2,"Pada 21/08/2026 pukul 17.00 di GS-KN2, kabel ekstensi terkelupas dipakai di area basah. Dirujuk ke dokter perusahaan dan mendapat antibiotik resep; tidak ada hari kerja hilang."
HSE-26-0034,2026-08-03,GS-KN2,"Pada 03/08/2026 pukul 10.30 di GS-KN2, saat pekerjaan grinding, percikan api mengenai ceceran minyak. Korban mengalami lecet ringan, dibersihkan dan diberi plester di P3K lokasi lalu kembali bekerja."
HSE-26-0035,2026-03-05,Pad sumur KN-141,"Pada 05/03/2026 pukul 11.45 di Pad sumur KN-141, saat pekerjaan grinding, percikan api mengenai ceceran minyak. Memar kecil, dikompres dingin oleh first aider, lanjut bekerja di shift yang sama. Investigasi oleh supervisor HSE."
HSE-26-0036,2026-01-10,Workshop Kenanga,"Pada 10/01/2026 pukul 10.15 di Workshop Kenanga, truk vakum tergelincir dan hose terlepas saat transfer. Ceceran minyak ±25 barel mencapai saluran drainase, tim tanggap darurat dikerahkan."
HSE-26-0037,2026-05-08,GS-SR1,"Pada 08/05/2026 pukul 10.45 di GS-SR1, kunci pipa jatuh dari monkey board saat pekerjaan rig. Beruntung tidak ada yang cedera dan tidak ada aset rusak. Dilaporkan sebagai pembelajaran."
HSE-26-0038,2026-09-20,GS-KN1,"Pada 20/09/2026 pukul 09.45 di GS-KN1, panel VSD terbuka tanpa LOTO saat pengecekan. Tidak ada korban; aset perusahaan mengalami kerusakan dan perlu perbaikan oleh workshop. Investigasi oleh supervisor HSE."
HSE-26-0039,2026-08-30,GS-KN2,"Pada 30/08/2026 pukul 07.00 di GS-KN2, pekerja di platform separator (±15 m) tidak mengaitkan full body harness. Tidak terjadi cedera; supervisor menghentikan pekerjaan sebelum terjadi kontak."
HSE-26-0040,2026-05-27,GS-KN2,"Pada 27/05/2026 pukul 16.45 di GS-KN2, kunci pipa jatuh dari monkey board saat pekerjaan rig. Tidak ada korban maupun kerusakan. Pekerjaan dihentikan dan dilakukan toolbox talk ulang."
HSE-26-0041,2026-02-01,Jalan akses Seruni,"Pada 01/02/2026 pukul 15.00 di Jalan akses Seruni, V-belt pumping unit dipasang tanpa mematikan prime mover. Iritasi ringan pada mata, dibilas eyewash station, korban melanjutkan pekerjaan. Investigasi oleh supervisor HSE."
HSE-26-0042,2026-07-26,GS-KN2,"Pada 26/07/2026 pukul 14.45 di GS-KN2, baut jatuh dari pipe rack ketika lifting. Korban dibawa ke klinik, luka dijahit 4 jahitan dan diberi obat resep dokter. Masuk kerja keesokan harinya seperti biasa."
HSE-26-0043,2026-09-25,GS-KN1,"Pada 25/09/2026 pukul 17.15 di GS-KN1, kendaraan operasional tergelincir di jalan tanah licin dekat pad KN-087. Tidak ada korban; aset perusahaan mengalami kerusakan dan perlu perbaikan oleh workshop."
HSE-26-0044,2026-06-01,GS-KN1,"Pada 01/06/2026 pukul 21.00 di GS-KN1, flowline KN-103 bocor karena korosi. Tumpahan minyak ±7 barel keluar ke area tanah di luar bund wall, dilakukan oil boom & clean up. Tindakan: refresh training JSA."
HSE-26-0045,2026-01-23,Jalan akses Seruni,"Pada 23/01/2026 pukul 19.15 di Jalan akses Seruni, terhirup bau gas saat bleed-off di wellhead, detector menunjukkan 8 ppm H2S. Memar kecil, dikompres dingin oleh first aider, lanjut bekerja di shift yang sama."
HSE-26-0046,2026-04-11,GS-KN1,"Pada 11/04/2026 pukul 19.00 di GS-KN1, truk vakum tergelincir dan hose terlepas saat transfer. Ceceran minyak ±14 barel mencapai saluran drainase, tim tanggap darurat dikerahkan. Investigasi oleh supervisor HSE."
HSE-26-0047,2026-05-30,Jalan akses Seruni,"Pada 30/05/2026 pukul 07.45 di Jalan akses Seruni, terhirup bau gas saat bleed-off di wellhead, detector menunjukkan 8 ppm H2S. Iritasi ringan pada mata, dibilas eyewash station, korban melanjutkan pekerjaan."
HSE-26-0048,2026-06-12,Workshop Kenanga,"Pada 12/06/2026 pukul 13.00 di Workshop Kenanga, drum chemical dipindahkan secara manual oleh satu orang. Tidak ada korban maupun kerusakan. Pekerjaan dihentikan dan dilakukan toolbox talk ulang. Investigasi oleh supervisor HSE."
HSE-26-0049,2026-05-21,GS-SR1,"Pada 21/05/2026 pukul 09.15 di GS-SR1, pekerja bekerja dekat flowline panas tanpa sarung tangan tahan panas di sumur steamflood KN-178. Iritasi ringan pada mata, dibilas eyewash station, korban melanjutkan pekerjaan."
HSE-26-0050,2026-03-04,GS-KN1,"Pada 04/03/2026 pukul 18.45 di GS-KN1, pick-up mundur menyenggol pagar wellhead KN-119. Beruntung tidak ada yang cedera dan tidak ada aset rusak. Dilaporkan sebagai pembelajaran."
HSE-26-0051,2026-03-22,GS-SR1,"Pada 22/03/2026 pukul 13.30 di GS-SR1, saat pekerjaan grinding, percikan api mengenai ceceran minyak. Korban dibawa ke klinik, luka dijahit 4 jahitan dan diberi obat resep dokter. Masuk kerja keesokan harinya seperti biasa."
HSE-26-0052,2026-07-26,GS-KN1,"Pada 26/07/2026 pukul 09.15 di GS-KN1, valve drain tangki tidak tertutup penuh setelah sampling. Air terproduksi ±2 barel meluap dari pit ke parit, dilakukan containment. Investigasi oleh supervisor HSE."
HSE-26-0053,2026-05-15,Workshop Kenanga,"Pada 15/05/2026 pukul 19.15 di Workshop Kenanga, pekerja mengangkat valve 40 kg tanpa alat bantu. Tidak ada korban maupun kerusakan. Pekerjaan dihentikan dan dilakukan toolbox talk ulang. Investigasi oleh supervisor HSE."
HSE-26-0054,2026-04-03,GS-KN1,"Pada 03/04/2026 pukul 12.45 di GS-KN1, truk vakum tergelincir dan hose terlepas saat transfer. Ceceran minyak ±10 barel mencapai saluran drainase, tim tanggap darurat dikerahkan."
HSE-26-0055,2026-07-18,GS-KN1,"Pada 18/07/2026 pukul 19.45 di GS-KN1, kendaraan operasional tergelincir di jalan tanah licin dekat pad SR-004. Tidak ada yang cedera, tetapi housing instrumen pecah dan perlu penggantian."
HSE-26-0056,2026-08-30,Jalan akses Seruni,"Pada 30/08/2026 pukul 15.00 di Jalan akses Seruni, kunci pipa jatuh dari monkey board saat pekerjaan rig. Tidak ada cedera, namun peralatan di lokasi rusak dan harus diganti, estimasi biaya Rp 10 juta."
HSE-26-0057,2026-03-11,Workshop Kenanga,"Pada 11/03/2026 pukul 19.15 di Workshop Kenanga, V-belt pumping unit dipasang tanpa mematikan prime mover. Memar kecil, dikompres dingin oleh first aider, lanjut bekerja di shift yang sama."
HSE-26-0058,2026-06-03,GS-KN2,"Pada 03/06/2026 pukul 22.30 di GS-KN2, tangga portable bergeser saat dipakai naik ke tangki. Terjadi patah tulang jari, korban tidak dapat bekerja selama 2 hari."
HSE-26-0059,2026-04-13,GS-KN1,"Pada 13/04/2026 pukul 22.30 di GS-KN1, kabel ekstensi terkelupas dipakai di area basah. Tidak terjadi cedera; supervisor menghentikan pekerjaan sebelum terjadi kontak."
HSE-26-0060,2026-03-18,Pad sumur KN-156,"Pada 18/03/2026 pukul 11.45 di Pad sumur KN-156, kebocoran fitting steam line di KN-156, uap panas menyembur ke arah jalur pejalan kaki. Korban mengalami lecet ringan, dibersihkan dan diberi plester di P3K lokasi lalu kembali bekerja."
HSE-26-0061,2026-07-10,Jalan akses Seruni,"Pada 10/07/2026 pukul 11.15 di Jalan akses Seruni, gas detector personal berbunyi 12 ppm H2S saat membuka hatch tangki. Dirujuk ke dokter perusahaan dan mendapat antibiotik resep; tidak ada hari kerja hilang."
HSE-26-0062,2026-01-06,GS-KN2,"Pada 06/01/2026 pukul 12.00 di GS-KN2, kendaraan operasional tergelincir di jalan tanah licin dekat pad SR-004. Beruntung tidak ada yang cedera dan tidak ada aset rusak. Dilaporkan sebagai pembelajaran."
HSE-26-0063,2026-08-17,Jalan akses Seruni,"Pada 17/08/2026 pukul 21.00 di Jalan akses Seruni, pekerja mengangkat valve 40 kg tanpa alat bantu. Tidak ada korban maupun kerusakan. Pekerjaan dihentikan dan dilakukan toolbox talk ulang."
HSE-26-0064,2026-04-21,GS-KN1,"Pada 21/04/2026 pukul 13.00 di GS-KN1, saat pekerjaan grinding, percikan api mengenai ceceran minyak. Tidak ada yang cedera, tetapi housing instrumen pecah dan perlu penggantian. Kontraktor terkait diberi teguran."
HSE-26-0065,2026-04-07,GS-SR1,"Pada 07/04/2026 pukul 09.45 di GS-SR1, kendaraan operasional tergelincir di jalan tanah licin dekat pad SR-053. Memar kecil, dikompres dingin oleh first aider, lanjut bekerja di shift yang sama."
HSE-26-0066,2026-01-05,GS-SR1,"Pada 05/01/2026 pukul 18.30 di GS-SR1, drum chemical dipindahkan secara manual oleh satu orang. Tidak terjadi cedera; supervisor menghentikan pekerjaan sebelum terjadi kontak."
HSE-26-0067,2026-07-18,Workshop Kenanga,"Pada 18/07/2026 pukul 09.00 di Workshop Kenanga, panel VSD terbuka tanpa LOTO saat pengecekan. Tidak ada yang cedera, tetapi housing instrumen pecah dan perlu penggantian."
HSE-26-0068,2026-04-28,Workshop Kenanga,"Pada 28/04/2026 pukul 16.15 di Workshop Kenanga, drum chemical dipindahkan secara manual oleh satu orang. Tidak terjadi cedera; supervisor menghentikan pekerjaan sebelum terjadi kontak."
HSE-26-0069,2026-03-16,GS-KN2,"Pada 16/03/2026 pukul 13.00 di GS-KN2, saat pekerjaan grinding, percikan api mengenai ceceran minyak. Iritasi ringan pada mata, dibilas eyewash station, korban melanjutkan pekerjaan."
HSE-26-0070,2026-06-25,GS-KN2,"Pada 25/06/2026 pukul 16.45 di GS-KN2, pekerja di platform separator (±15 m) tidak mengaitkan full body harness. Memar kecil, dikompres dingin oleh first aider, lanjut bekerja di shift yang sama."
HSE-26-0071,2026-03-26,GS-KN2,"Pada 26/03/2026 pukul 14.15 di GS-KN2, saat pekerjaan grinding, percikan api mengenai ceceran minyak. Tidak terjadi cedera; supervisor menghentikan pekerjaan sebelum terjadi kontak."
HSE-26-0072,2026-01-19,Pad sumur KN-115,"Pada 19/01/2026 pukul 20.00 di Pad sumur KN-115, pekerja bekerja dekat flowline panas tanpa sarung tangan tahan panas di sumur steamflood KN-115. Korban mengalami luka bakar derajat 2 dan menjalani perawatan, absen kerja 10 hari."
HSE-26-0073,2026-05-12,Pad sumur KN-090,"Pada 12/05/2026 pukul 17.15 di Pad sumur KN-090, panel VSD terbuka tanpa LOTO saat pengecekan. Dirujuk ke dokter perusahaan dan mendapat antibiotik resep; tidak ada hari kerja hilang."
HSE-26-0074,2026-09-16,GS-ML1,"Pada 16/09/2026 pukul 20.15 di GS-ML1, kendaraan operasional tergelincir di jalan tanah licin dekat pad SR-035. Dirujuk ke dokter perusahaan dan mendapat antibiotik resep; tidak ada hari kerja hilang."
HSE-26-0075,2026-05-19,GS-KN1,"Pada 19/05/2026 pukul 17.45 di GS-KN1, kebocoran fitting steam line di KN-051, uap panas menyembur ke arah jalur pejalan kaki. Mendapat perawatan luka bakar derajat 1 oleh dokter klinik, kembali bekerja shift berikutnya."
HSE-26-0076,2026-08-04,GS-KN2,"Pada 04/08/2026 pukul 13.00 di GS-KN2, truk vakum tergelincir dan hose terlepas saat transfer. Tumpahan minyak ±2 barel keluar ke area tanah di luar bund wall, dilakukan oil boom & clean up."
HSE-26-0077,2026-03-07,GS-KN2,"Pada 07/03/2026 pukul 20.00 di GS-KN2, saat pekerjaan grinding, percikan api mengenai ceceran minyak. Iritasi ringan pada mata, dibilas eyewash station, korban melanjutkan pekerjaan."
HSE-26-0078,2026-04-24,Jalan akses Seruni,"Pada 24/04/2026 pukul 12.00 di Jalan akses Seruni, pekerja bekerja dekat flowline panas tanpa sarung tangan tahan panas di sumur steamflood SR-036. Korban dibawa ke klinik, luka dijahit 4 jahitan dan diberi obat resep dokter. Masuk kerja keesokan harinya seperti biasa."
HSE-26-0079,2026-03-17,Pad sumur KN-062,"Pada 17/03/2026 pukul 22.30 di Pad sumur KN-062, percikan las mengenai kain majun dan sempat menyala. Tidak ada korban maupun kerusakan. Pekerjaan dihentikan dan dilakukan toolbox talk ulang."
HSE-26-0080,2026-02-28,GS-ML1,"Pada 28/02/2026 pukul 14.15 di GS-ML1, percikan las mengenai kain majun dan sempat menyala. Memar kecil, dikompres dingin oleh first aider, lanjut bekerja di shift yang sama."
HSE-26-0081,2026-07-09,GS-ML1,"Pada 09/07/2026 pukul 17.15 di GS-ML1, baut jatuh dari pipe rack ketika lifting. Korban mengalami lecet ringan, dibersihkan dan diberi plester di P3K lokasi lalu kembali bekerja."
HSE-26-0082,2026-02-10,GS-KN1,"Pada 10/02/2026 pukul 13.15 di GS-KN1, flowline KN-011 bocor karena korosi. Tumpahan minyak ±5 barel keluar ke area tanah di luar bund wall, dilakukan oil boom & clean up."
HSE-26-0083,2026-08-11,GS-KN1,"Pada 11/08/2026 pukul 08.45 di GS-KN1, pekerja di platform separator (±4 m) tidak mengaitkan full body harness. Korban mengalami luka bakar derajat 2 dan menjalani perawatan, absen kerja 2 hari."
HSE-26-0084,2026-08-14,GS-KN2,"Pada 14/08/2026 pukul 10.15 di GS-KN2, flowline KN-080 bocor karena korosi. Ceceran minyak ±40 barel mencapai saluran drainase, tim tanggap darurat dikerahkan."
HSE-26-0085,2026-09-23,GS-SR1,"Pada 23/09/2026 pukul 11.15 di GS-SR1, kunci pipa jatuh dari monkey board saat pekerjaan rig. Dirujuk ke dokter perusahaan dan mendapat antibiotik resep; tidak ada hari kerja hilang."
HSE-26-0086,2026-04-07,Jalan akses Seruni,"Pada 07/04/2026 pukul 12.45 di Jalan akses Seruni, pekerja di platform separator (±15 m) tidak mengaitkan full body harness. Beruntung tidak ada yang cedera dan tidak ada aset rusak. Dilaporkan sebagai pembelajaran."
HSE-26-0087,2026-07-23,Pad sumur SR-032,"Pada 23/07/2026 pukul 19.45 di Pad sumur SR-032, panel VSD terbuka tanpa LOTO saat pengecekan. Korban mengalami lecet ringan, dibersihkan dan diberi plester di P3K lokasi lalu kembali bekerja. Tindakan: refresh training JSA."
HSE-26-0088,2026-02-11,Jalan akses Seruni,"Pada 11/02/2026 pukul 22.45 di Jalan akses Seruni, gas detector personal berbunyi 25 ppm H2S saat membuka hatch tangki. Korban mengalami luka bakar derajat 2 dan menjalani perawatan, absen kerja 3 hari."
HSE-26-0089,2026-05-26,GS-SR1,"Pada 26/05/2026 pukul 21.30 di GS-SR1, kebocoran fitting steam line di KN-050, uap panas menyembur ke arah jalur pejalan kaki. Tidak terjadi cedera; supervisor menghentikan pekerjaan sebelum terjadi kontak."
HSE-26-0090,2026-03-20,GS-KN2,"Pada 20/03/2026 pukul 20.30 di GS-KN2, pick-up mundur menyenggol pagar wellhead KN-001. Korban dibawa ke klinik, luka dijahit 4 jahitan dan diberi obat resep dokter. Masuk kerja keesokan harinya seperti biasa."
HSE-26-0091,2026-02-06,GS-KN1,"Pada 06/02/2026 pukul 14.30 di GS-KN1, saat pekerjaan grinding, percikan api mengenai ceceran minyak. Tidak terjadi cedera; supervisor menghentikan pekerjaan sebelum terjadi kontak. Kontraktor terkait diberi teguran."
HSE-26-0092,2026-08-31,Workshop Kenanga,"Pada 31/08/2026 pukul 10.45 di Workshop Kenanga, pekerja bekerja dekat flowline panas tanpa sarung tangan tahan panas di sumur steamflood KN-166. Iritasi ringan pada mata, dibilas eyewash station, korban melanjutkan pekerjaan. Investigasi oleh supervisor HSE."
HSE-26-0093,2026-06-14,Jalan akses Seruni,"Pada 14/06/2026 pukul 09.00 di Jalan akses Seruni, flowline SR-048 bocor karena korosi. Air terproduksi ±10 barel meluap dari pit ke parit, dilakukan containment."
HSE-26-0094,2026-08-01,GS-SR1,"Pada 01/08/2026 pukul 10.45 di GS-SR1, kabel ekstensi terkelupas dipakai di area basah. Korban dibawa ke klinik, luka dijahit 4 jahitan dan diberi obat resep dokter. Masuk kerja keesokan harinya seperti biasa."
HSE-26-0095,2026-03-22,GS-ML1,"Pada 22/03/2026 pukul 08.15 di GS-ML1, tangga portable bergeser saat dipakai naik ke tangki. Mendapat perawatan luka bakar derajat 1 oleh dokter klinik, kembali bekerja shift berikutnya."
HSE-26-0096,2026-02-24,GS-SR1,"Pada 24/02/2026 pukul 16.15 di GS-SR1, panel VSD terbuka tanpa LOTO saat pengecekan. Beruntung tidak ada yang cedera dan tidak ada aset rusak. Dilaporkan sebagai pembelajaran."
HSE-26-0097,2026-04-16,GS-KN2,"Pada 16/04/2026 pukul 07.30 di GS-KN2, drum chemical dipindahkan secara manual oleh satu orang. Beruntung tidak ada yang cedera dan tidak ada aset rusak. Dilaporkan sebagai pembelajaran."
HSE-26-0098,2026-05-01,GS-ML1,"Pada 01/05/2026 pukul 11.45 di GS-ML1, percikan las mengenai kain majun dan sempat menyala. Beruntung tidak ada yang cedera dan tidak ada aset rusak. Dilaporkan sebagai pembelajaran."
HSE-26-0099,2026-03-30,Jalan akses Seruni,"Pada 30/03/2026 pukul 06.45 di Jalan akses Seruni, percikan las mengenai kain majun dan sempat menyala. Tidak ada korban maupun kerusakan. Pekerjaan dihentikan dan dilakukan toolbox talk ulang."
HSE-26-0100,2026-09-30,GS-KN2,"Pada 30/09/2026 pukul 07.15 di GS-KN2, percikan las mengenai kain majun dan sempat menyala. Iritasi ringan pada mata, dibilas eyewash station, korban melanjutkan pekerjaan. Investigasi oleh supervisor HSE."
HSE-26-0101,2026-02-05,GS-ML1,"Pada 05/02/2026 pukul 14.45 di GS-ML1, drum chemical dipindahkan secara manual oleh satu orang. Tidak terjadi cedera; supervisor menghentikan pekerjaan sebelum terjadi kontak. Tindakan: refresh training JSA."
HSE-26-0102,2026-04-09,GS-ML1,"Pada 09/04/2026 pukul 11.30 di GS-ML1, pekerja mengangkat valve 40 kg tanpa alat bantu. Tidak ada korban maupun kerusakan. Pekerjaan dihentikan dan dilakukan toolbox talk ulang. Investigasi oleh supervisor HSE."
HSE-26-0103,2026-02-18,GS-ML1,"Pada 18/02/2026 pukul 20.15 di GS-ML1, kabel ekstensi terkelupas dipakai di area basah. Beruntung tidak ada yang cedera dan tidak ada aset rusak. Dilaporkan sebagai pembelajaran."
HSE-26-0104,2026-09-13,GS-SR1,"Pada 13/09/2026 pukul 09.00 di GS-SR1, baut jatuh dari pipe rack ketika lifting. Tidak ada cedera, namun peralatan di lokasi rusak dan harus diganti, estimasi biaya Rp 10 juta."
HSE-26-0105,2026-09-24,Workshop Kenanga,"Pada 24/09/2026 pukul 22.45 di Workshop Kenanga, flowline KN-108 bocor karena korosi. Air terproduksi ±5 barel meluap dari pit ke parit, dilakukan containment. Kontraktor terkait diberi teguran."
HSE-26-0106,2026-03-30,Pad sumur KN-054,"Pada 30/03/2026 pukul 12.30 di Pad sumur KN-054, pekerja memposisikan tangan di antara rod elevator dan tubing saat tripping. Beruntung tidak ada yang cedera dan tidak ada aset rusak. Dilaporkan sebagai pembelajaran."
HSE-26-0107,2026-02-20,Jalan akses Seruni,"Pada 20/02/2026 pukul 11.45 di Jalan akses Seruni, terhirup bau gas saat bleed-off di wellhead, detector menunjukkan 3 ppm H2S. Mendapat perawatan luka bakar derajat 1 oleh dokter klinik, kembali bekerja shift berikutnya."
HSE-26-0108,2026-03-10,Jalan akses Seruni,"Pada 10/03/2026 pukul 15.30 di Jalan akses Seruni, pekerja mengangkat valve 40 kg tanpa alat bantu. Korban mengalami lecet ringan, dibersihkan dan diberi plester di P3K lokasi lalu kembali bekerja. Tindakan: refresh training JSA."
HSE-26-0109,2026-09-13,Workshop Kenanga,"Pada 13/09/2026 pukul 19.15 di Workshop Kenanga, kunci pipa jatuh dari monkey board saat pekerjaan rig. Tidak ada yang cedera, tetapi housing instrumen pecah dan perlu penggantian."
HSE-26-0110,2026-05-03,Workshop Kenanga,"Pada 03/05/2026 pukul 08.30 di Workshop Kenanga, pekerja memposisikan tangan di antara rod elevator dan tubing saat tripping. Korban mengalami lecet ringan, dibersihkan dan diberi plester di P3K lokasi lalu kembali bekerja."
HSE-26-0111,2026-04-27,GS-KN2,"Pada 27/04/2026 pukul 08.15 di GS-KN2, percikan las mengenai kain majun dan sempat menyala. Iritasi ringan pada mata, dibilas eyewash station, korban melanjutkan pekerjaan."
HSE-26-0112,2026-07-15,Workshop Kenanga,"Pada 15/07/2026 pukul 06.00 di Workshop Kenanga, pekerja mengangkat valve 40 kg tanpa alat bantu. Korban mengalami lecet ringan, dibersihkan dan diberi plester di P3K lokasi lalu kembali bekerja."
HSE-26-0113,2026-09-16,GS-SR1,"Pada 16/09/2026 pukul 18.45 di GS-SR1, kendaraan operasional tergelincir di jalan tanah licin dekat pad KN-120. Tidak ada korban; aset perusahaan mengalami kerusakan dan perlu perbaikan oleh workshop."
HSE-26-0114,2026-04-14,Jalan akses Seruni,"Pada 14/04/2026 pukul 07.45 di Jalan akses Seruni, kendaraan operasional tergelincir di jalan tanah licin dekat pad KN-051. Tidak ada cedera, namun peralatan di lokasi rusak dan harus diganti, estimasi biaya Rp 10 juta. Investigasi oleh supervisor HSE."
HSE-26-0115,2026-03-23,GS-KN1,"Pada 23/03/2026 pukul 20.15 di GS-KN1, valve drain tangki tidak tertutup penuh setelah sampling. Air terproduksi ±25 barel meluap dari pit ke parit, dilakukan containment. Kontraktor terkait diberi teguran."
HSE-26-0116,2026-09-11,GS-ML1,"Pada 11/09/2026 pukul 13.15 di GS-ML1, tangga portable bergeser saat dipakai naik ke tangki. Dirujuk ke dokter perusahaan dan mendapat antibiotik resep; tidak ada hari kerja hilang."
HSE-26-0117,2026-08-11,GS-KN1,"Pada 11/08/2026 pukul 16.15 di GS-KN1, kunci pipa jatuh dari monkey board saat pekerjaan rig. Tidak ada korban maupun kerusakan. Pekerjaan dihentikan dan dilakukan toolbox talk ulang."
HSE-26-0118,2026-04-20,Workshop Kenanga,"Pada 20/04/2026 pukul 16.45 di Workshop Kenanga, baut jatuh dari pipe rack ketika lifting. Tidak ada cedera, namun peralatan di lokasi rusak dan harus diganti, estimasi biaya Rp 14 juta. Tindakan: refresh training JSA."
HSE-26-0119,2026-09-30,GS-SR1,"Pada 30/09/2026 pukul 08.30 di GS-SR1, pekerja di platform separator (±4 m) tidak mengaitkan full body harness. Korban mengalami lecet ringan, dibersihkan dan diberi plester di P3K lokasi lalu kembali bekerja. Tindakan: refresh training JSA."
HSE-26-0120,2026-09-09,Jalan akses Seruni,"Pada 09/09/2026 pukul 21.15 di Jalan akses Seruni, terhirup bau gas saat bleed-off di wellhead, detector menunjukkan 3 ppm H2S. Dirujuk ke dokter perusahaan dan mendapat antibiotik resep; tidak ada hari kerja hilang."
