wo_id,tanggal,area,dilaporkan_oleh,deskripsi
WO-26-12115,2026-01-01,Seruni,Irfan,"ESP SR-020 trip OL, coba restart 2x gagal. Megger motor phase-to-ground 0 Mohm -> motor burnt. Usul pulling job ganti motor. downtime 5 jam."
WO-26-11663,2026-01-02,Seruni,Irfan,"V-SR1-101: level control hunting, positioner LCV rusak, diganti. Produksi GS sempat di-cut. downtime 1 hari Info ke foreman."
WO-26-11997,2026-01-02,Kenanga,Hendra,KN-089 belt slip & 1 putus. Ganti V-belt 3 pcs dan setel tension. DT 6h
WO-26-10128,2026-01-03,Kenanga,Sutrisno,"FL-KN-015 buntu wax, dilakukan hot oiling. downtime 12 jam"
WO-26-12042,2026-01-04,Seruni,Fikri,"VSD SR-014 display mati, kartu kontrol rusak (cek kabel downhole normal). Ganti control board VSD. downtime 6 jam. Info ke foreman."
WO-26-10775,2026-01-05,Seruni,Sutrisno,"underload SR-041, fluid level rendah. Setting VSD diubah + restart, kabel tidak ada masalah. downtime 2 jam Kondisi hujan, akses jalan licin."
WO-26-12500,2026-01-05,Kenanga,Rizal,"FL-KN-007 leak di low point, ada genangan minyak. Pasang leak clamp, laporkan ke HSE. sumur off dari jam 08.00 s/d 13.00 Mohon follow up PO spare."
WO-26-10746,2026-01-06,Seruni,Doni,"SR-014 ESP trip, megger kabel drop ke 2 Mohm (normal >100). Suspect kabel bocor di splice. Rig masuk, ganti cable+splice. down ±8 jam. Info ke foreman."
WO-26-11381,2026-01-06,Kenanga,Irfan,"PM rutin pumping unit KN-108: greasing, cek alignment, setel counterbalance. unit stop 1 jam selama PM."
WO-26-10981,2026-01-07,Kenanga,Hendra,"KN-075 leak di stuffing box, ada ceceran minyak ±15 liter di sekitar wellhead. Packing diganti + housekeeping. mati sejak pukul 22.00 kemarin malam, running lagi 04.00 pagi Mohon follow up PO spare."
WO-26-12620,2026-01-07,Seruni,Rizal,"sr-014 trip ul (underload) berulang, pip turun, indikasi gas lock / inflow kurang. frekuensi vsd diturunkan dari 55 ke 50 hz, reset. mati sejak pukul 20.00 kemarin malam, running lagi 04.00 pagi. lapor via radio ke control room."
WO-26-12506,2026-01-09,Kenanga,Rahmat,"Feedwater pump SG-KN-03 vibrasi tinggi, bearing diganti. Generator sempat turun rate. DT 1.5h."
WO-26-10832,2026-01-11,Kenanga,Bambang,"KN-005 produksi turun drastis, dyno card menunjukkan pump worn (fluid pound). Ganti downhole pump. downtime 1 hari."
WO-26-12643,2026-01-13,Kenanga,Arif,"pm rutin pumping unit kn-027: greasing, cek alignment, setel counterbalance. unit stop 3 jam selama pm."
WO-26-10097,2026-01-14,Kenanga,Sutrisno,"KN-007 pompa angguk jalan tp ga ada produksi, dyno: rod putus. Pulling unit masuk, rod diganti. mati sejak pukul 22.00 kemarin malam, running lagi 06.00 pagi Cek SRP lain di pad yg sama normal."
WO-26-11759,2026-01-14,Melati,Arif,"kabel ESP ML-023 insulasi jelek (megger rendah), pompa & motor ok. Penggantian power cable via workover. DT 9h Kondisi hujan, akses jalan licin."
WO-26-12514,2026-01-14,Kenanga,Doni,"KN-175 pompa angguk jalan tp ga ada produksi, dyno: rod putus. Pulling unit masuk, rod diganti. mati 10.00-16.30"
WO-26-11164,2026-01-15,Kenanga,Rahmat,"Kebocoran tube SG-KN-05, ada semburan uap panas. SD emergency, perbaikan welding tube setelah cooling down. down 45 menit Mohon follow up PO spare."
WO-26-11400,2026-01-15,Seruni,Doni,"Flowline FL-SR-009 tekanan naik, indikasi plugging parafin. Pigging + hot oil, tekanan normal. downtime 3 hari. Cek SRP lain di pad yg sama normal."
WO-26-12065,2026-01-15,Kenanga,Wahyu,"KN-077 pompa angguk jalan tp ga ada produksi, dyno: rod putus. Pulling unit masuk, rod diganti. mati sejak pukul 20.00 kemarin malam, running lagi 06.00 pagi Sumur sebelahnya aman."
WO-26-11497,2026-01-16,Kenanga,Wahyu,"KN-141 produksi turun drastis, dyno card menunjukkan pump worn (fluid pound). Ganti downhole pump. sumur off 1,5 hari nunggu rig. Info ke foreman."
WO-26-11667,2026-01-16,Seruni,Arif,"Sumur SR-038 mati, VSD alarm ground fault. Cek JB permukaan aman, ternyata kabel downhole yg rusak. Ganti kabel lewat pulling job, stop pkl 14.00, normal kembali pkl 19.00."
WO-26-11711,2026-01-16,Seruni,Bambang,"kabel esp sr-014 insulasi jelek (megger rendah), pompa & motor ok. penggantian power cable via workover. off kurang lebih 4 jam lapor via radio ke control room."
WO-26-12277,2026-01-16,Kenanga,Arif,"Stuffing box KN-112 bocor, minyak rembes ke cellar. Ganti packing stuffing box, area dibersihkan. downtime 3 hari. Info ke foreman."
WO-26-12749,2026-01-16,Kenanga,Hendra,"SG-KN-12 trip flame failure berulang. Flame scanner kotor/rusak, diganti baru. Burner normal. down 30 menit. Cek SRP lain di pad yg sama normal."
WO-26-11029,2026-01-18,Kenanga,Rahmat,KN-077 belt slip & 1 putus. Ganti V-belt 3 pcs dan setel tension. DT 16h Ref WO sebelumnya.
WO-26-10680,2026-01-19,Seruni,Hendra,"PM VSD SR-050: bersihkan filter udara, cek koneksi terminal, thermal scan OK. unit stop 2 jam selama PM."
WO-26-10953,2026-01-19,Seruni,Fikri,"Sumur SR-027 mati, VSD alarm ground fault. Cek JB permukaan aman, ternyata kabel downhole yg rusak. Ganti kabel lewat pulling job, DT 14h."
WO-26-12533,2026-01-19,Kenanga,Agus,"KN-036 leak di stuffing box, ada ceceran minyak ±12 liter di sekitar wellhead. Packing diganti + housekeeping. sumur off 1 hari nunggu rig Mohon follow up PO spare."
WO-26-10836,2026-01-20,Seruni,Wahyu,"SR-014 ESP trip, megger kabel drop ke 2 Mohm (normal >100). Suspect kabel bocor di splice. Rig masuk, ganti cable+splice. mati sejak pukul 23.00 kemarin malam, running lagi 03.00 pagi. Lapor via radio ke control room."
WO-26-12422,2026-01-21,Seruni,Doni,"sr-028 amp tinggi + vibrasi, sand content naik. dilakukan flushing pompa, unit running kembali. mati sejak pukul 23.00 kemarin malam, running lagi 03.00 pagi kondisi hujan, akses jalan licin."
WO-26-10444,2026-01-24,Seruni,Yudi,"Separator V-SR1-101 high level alarm, LCV tidak membuka. Kalibrasi level transmitter + perbaiki positioner LCV. down 30 menit."
WO-26-11191,2026-01-24,Melati,Bambang,"ML-039 stator PCP rusak (elastomer swell). Rig masuk ganti rotor-stator. stop pkl 14.00, normal kembali pkl 19.00"
WO-26-12637,2026-01-24,Seruni,Irfan,"ESP SR-044 trip OL, ampere naik 35% dari normal. Megger kabel & motor OK, suspect pompa ngeblok pasir. Hot oil flushing lalu start ulang normal. down 90 menit."
WO-26-11857,2026-01-25,Kenanga,Rizal,"SG-KN-12 trip flame failure berulang. Flame scanner kotor/rusak, diganti baru. Burner normal. off kurang lebih 10 jam. Mohon follow up PO spare."
WO-26-12440,2026-01-25,Seruni,Agus,"underload sr-027, fluid level rendah. setting vsd diubah + restart, kabel tidak ada masalah. dt 16h info ke foreman."
WO-26-11131,2026-01-26,Kenanga,Sutrisno,"KN-018 produksi turun drastis, dyno card menunjukkan pump worn (fluid pound). Ganti downhole pump. down 30 menit."
WO-26-11466,2026-01-27,Seruni,Bambang,"Sumur SR-006 mati, VSD alarm ground fault. Cek JB permukaan aman, ternyata kabel downhole yg rusak. Ganti kabel lewat pulling job, down ±4 jam. Kondisi hujan, akses jalan licin."
WO-26-12731,2026-01-27,Kenanga,Hendra,"V-belt prime mover KN-141 putus, ganti set belt baru. down 30 menit. Lapor via radio ke control room."
WO-26-10375,2026-01-28,Kenanga,Arif,"KN-048 pompa angguk jalan tp ga ada produksi, dyno: rod putus. Pulling unit masuk, rod diganti. down 30 menit"
WO-26-10678,2026-01-28,Kenanga,Fikri,"KN-159 produksi turun drastis, dyno card menunjukkan pump worn (fluid pound). Ganti downhole pump. mati sejak pukul 21.00 kemarin malam, running lagi 03.00 pagi."
WO-26-12663,2026-01-28,Kenanga,Agus,"PM rutin pumping unit KN-056: greasing, cek alignment, setel counterbalance. unit stop 3 jam selama PM. Kondisi hujan, akses jalan licin."
WO-26-10888,2026-01-29,Seruni,Rizal,"SR-041: drive fault di VSD, IGBT module diganti teknisi electrical. ESP normal kembali. downtime 3 hari Cek SRP lain di pad yg sama normal."
WO-26-12357,2026-01-29,Seruni,Fikri,"FL-SR-005 buntu wax, dilakukan hot oiling. stop pkl 13.00, normal kembali pkl 17.00"
WO-26-10146,2026-01-31,Seruni,Fikri,"SR-014 ESP trip, megger kabel drop ke 2 Mohm (normal >100). Suspect kabel bocor di splice. Rig masuk, ganti cable+splice. stop pkl 14.00, normal kembali pkl 19.00. Mohon follow up PO spare."
WO-26-10936,2026-02-01,Kenanga,Bambang,"PM rutin pumping unit KN-103: greasing, cek alignment, setel counterbalance. unit stop 1 jam selama PM. Kondisi hujan, akses jalan licin."
WO-26-12712,2026-02-01,Seruni,Sutrisno,"K-SR1-201 vibrasi naik ke 3100 mm/s, bearing aus. Overhaul parsial. down 90 menit"
WO-26-10725,2026-02-03,Seruni,Arif,"p-sr1-302 trip low suction pressure karena level tangki rendah. isi tangki, reset pompa. down 90 menit. lapor via radio ke control room."
WO-26-11678,2026-02-03,Melati,Hendra,"k-ml1-201 vibrasi naik ke 5 mm/s, bearing aus. overhaul parsial. dt 2.5h"
WO-26-12215,2026-02-03,Kenanga,Fikri,"KN-112 produksi turun drastis, dyno card menunjukkan pump worn (fluid pound). Ganti downhole pump. mati sejak pukul 20.00 kemarin malam, running lagi 03.00 pagi. Cek SRP lain di pad yg sama normal."
WO-26-12263,2026-02-03,Kenanga,Irfan,"V-belt prime mover KN-112 putus, ganti set belt baru. downtime 2 jam. Mohon follow up PO spare."
WO-26-12608,2026-02-04,Seruni,Yudi,"SR-034 amp tinggi + vibrasi, sand content naik. Dilakukan flushing pompa, unit running kembali. DT 6h"
WO-26-11814,2026-02-05,Seruni,Fikri,"SR-041: unit ESP ga mau start, hasil megger motor short. Diputuskan workover, motor diganti baru. downtime 1 hari Mohon follow up PO spare."
WO-26-10990,2026-02-06,Seruni,Doni,"SR-035 ESP trip, megger kabel drop ke 2 Mohm (normal >100). Suspect kabel bocor di splice. Rig masuk, ganti cable+splice. down 90 menit. Info ke foreman."
WO-26-11117,2026-02-06,Seruni,Agus,"k-sr1-201 vibrasi naik ke 3 mm/s, bearing aus. overhaul parsial. dt 9h"
WO-26-11072,2026-02-07,Seruni,Fikri,"ESP SR-014 trip OL, coba restart 2x gagal. Megger motor phase-to-ground 0 Mohm -> motor burnt. Usul pulling job ganti motor. mati 09.30-16.00."
WO-26-11183,2026-02-07,Kenanga,Yudi,"KN-146 leak di stuffing box, ada ceceran minyak ±3 liter di sekitar wellhead. Packing diganti + housekeeping. DT 1.5h Lapor via radio ke control room."
WO-26-10475,2026-02-08,Kenanga,Doni,"KN-151: noise di gear reducer, setelah dibuka bearing aus. Diperbaiki bengkel lapangan. DT 3h"
WO-26-12331,2026-02-08,Seruni,Fikri,"SR-027: drive fault di VSD, IGBT module diganti teknisi electrical. ESP normal kembali. mati sejak pukul 20.00 kemarin malam, running lagi 06.00 pagi Ref WO sebelumnya."
WO-26-10019,2026-02-09,Melati,Agus,"PM VSD ML-006: bersihkan filter udara, cek koneksi terminal, thermal scan OK. unit stop 1 jam selama PM."
WO-26-12687,2026-02-09,Melati,Sutrisno,"K-ML1-202 vibrasi naik ke 12 mm/s, bearing aus. Overhaul parsial. mati sejak pukul 21.00 kemarin malam, running lagi 06.00 pagi Lapor via radio ke control room."
WO-26-11537,2026-02-13,Kenanga,Fikri,"KN-084 produksi turun drastis, dyno card menunjukkan pump worn (fluid pound). Ganti downhole pump. DT 16h. Sumur sebelahnya aman."
WO-26-12420,2026-02-13,Kenanga,Arif,"V-belt prime mover KN-077 putus, ganti set belt baru. down 30 menit. Ref WO sebelumnya."
WO-26-10343,2026-02-16,Melati,Rizal,"PM VSD ML-019: bersihkan filter udara, cek koneksi terminal, thermal scan OK. unit stop 3 jam selama PM. Mohon follow up PO spare."
WO-26-11081,2026-02-16,Melati,Hendra,"Sumur ML-003 mati, VSD alarm ground fault. Cek JB permukaan aman, ternyata kabel downhole yg rusak. Ganti kabel lewat pulling job, mati sejak pukul 20.00 kemarin malam, running lagi 04.00 pagi. Ref WO sebelumnya."
WO-26-11588,2026-02-16,Kenanga,Rahmat,"srp kn-009 rod part, polished rod ringan & dyno card abnormal. fishing job + ganti rod string sebagian. downtime 4 jam. kondisi hujan, akses jalan licin."
WO-26-11825,2026-02-16,Melati,Irfan,"Seal kompresor K-ML1-201 bocor gas, LEL detector alarm. Unit SD, mechanical seal diganti. mati sejak pukul 22.00 kemarin malam, running lagi 06.00 pagi. Sumur sebelahnya aman."
WO-26-10694,2026-02-18,Kenanga,Yudi,"KN-074 produksi turun drastis, dyno card menunjukkan pump worn (fluid pound). Ganti downhole pump. stop pkl 13.00, normal kembali pkl 17.00. Cek SRP lain di pad yg sama normal."
WO-26-12092,2026-02-18,Seruni,Doni,"esp sr-027 trip ol, ampere naik 20% dari normal. megger kabel & motor ok, suspect pompa ngeblok pasir. hot oil flushing lalu start ulang normal. stop pkl 14.00, normal kembali pkl 18.00. mohon follow up po spare."
WO-26-10000,2026-02-22,Melati,Hendra,"Sumur ML-006 mati, VSD alarm ground fault. Cek JB permukaan aman, ternyata kabel downhole yg rusak. Ganti kabel lewat pulling job, mati 10.30-18.30."
WO-26-11631,2026-02-22,Melati,Agus,"PM VSD ML-024: bersihkan filter udara, cek koneksi terminal, thermal scan OK. unit stop 2 jam selama PM. Mohon follow up PO spare."
WO-26-12612,2026-02-22,Seruni,Bambang,"SR-016 amp tinggi + vibrasi, sand content naik. Dilakukan flushing pompa, unit running kembali. sumur off 3 hari nunggu rig Kondisi hujan, akses jalan licin."
WO-26-10236,2026-02-23,Melati,Bambang,ML-047 stator PCP rusak (elastomer swell). Rig masuk ganti rotor-stator. downtime 4 jam Info ke foreman.
WO-26-10918,2026-02-23,Melati,Irfan,"Seal kompresor K-ML1-201 bocor gas, LEL detector alarm. Unit SD, mechanical seal diganti. sumur off dari jam 07.00 s/d 11.30. Kondisi hujan, akses jalan licin."
WO-26-10588,2026-02-24,Kenanga,Rizal,"KN-008: noise di gear reducer, setelah dibuka bearing aus. Diperbaiki bengkel lapangan. mati 07.00-12.00 Lapor via radio ke control room."
WO-26-10657,2026-02-24,Kenanga,Arif,"KN-097 pompa angguk jalan tp ga ada produksi, dyno: rod putus. Pulling unit masuk, rod diganti. stop pkl 14.00, normal kembali pkl 19.00 Kondisi hujan, akses jalan licin."
WO-26-11643,2026-02-24,Seruni,Fikri,"VSD SR-024 display mati, kartu kontrol rusak (cek kabel downhole normal). Ganti control board VSD. stop pkl 14.00, normal kembali pkl 17.00."
WO-26-11059,2026-02-27,Seruni,Yudi,"underload sr-014, fluid level rendah. setting vsd diubah + restart, kabel tidak ada masalah. sumur off 3 hari nunggu rig info ke foreman."
WO-26-11548,2026-02-27,Seruni,Rahmat,"SR-041 ESP trip, megger kabel drop ke 2 Mohm (normal >100). Suspect kabel bocor di splice. Rig masuk, ganti cable+splice. off kurang lebih 5 jam. Lapor via radio ke control room."
WO-26-11697,2026-02-28,Seruni,Fikri,"flowline fl-sr-003 bocor (pinhole) akibat korosi internal, tumpahan ±3 bbl ke row. clamp sementara + clean up. mati sejak pukul 21.00 kemarin malam, running lagi 06.00 pagi. cek srp lain di pad yg sama normal."
WO-26-11966,2026-02-28,Kenanga,Irfan,"KN-069 pompa angguk jalan tp ga ada produksi, dyno: rod putus. Pulling unit masuk, rod diganti. sumur off dari jam 07.30 s/d 09.30 Info ke foreman."
WO-26-10486,2026-03-01,Kenanga,Rahmat,"Kebocoran tube SG-KN-11, ada semburan uap panas. SD emergency, perbaikan welding tube setelah cooling down. sumur off 1 hari nunggu rig Sumur sebelahnya aman."
WO-26-11952,2026-03-01,Kenanga,Fikri,"KN-077: noise di gear reducer, setelah dibuka bearing aus. Diperbaiki bengkel lapangan. stop pkl 14.00, normal kembali pkl 19.00"
WO-26-10807,2026-03-03,Seruni,Yudi,"Sumur SR-036 mati, VSD alarm ground fault. Cek JB permukaan aman, ternyata kabel downhole yg rusak. Ganti kabel lewat pulling job, down 30 menit. Mohon follow up PO spare."
WO-26-11435,2026-03-03,Seruni,Arif,"SR-014 trip UL (underload) berulang, PIP turun, indikasi gas lock / inflow kurang. Frekuensi VSD diturunkan dari 55 ke 50 Hz, reset. stop pkl 15.00, normal kembali pkl 18.00. Lapor via radio ke control room."
WO-26-10878,2026-03-04,Melati,Arif,"Separator V-ML1-101 high level alarm, LCV tidak membuka. Kalibrasi level transmitter + perbaiki positioner LCV. mati sejak pukul 20.00 kemarin malam, running lagi 04.00 pagi."
WO-26-11282,2026-03-04,Seruni,Rizal,"kabel ESP SR-014 insulasi jelek (megger rendah), pompa & motor ok. Penggantian power cable via workover. mati sejak pukul 21.00 kemarin malam, running lagi 04.00 pagi Lapor via radio ke control room."
WO-26-11865,2026-03-04,Kenanga,Fikri,"srp kn-136 rod part, polished rod ringan & dyno card abnormal. fishing job + ganti rod string sebagian. dt 2.5h. info ke foreman."
WO-26-11214,2026-03-07,Kenanga,Bambang,"Stuffing box KN-112 bocor, minyak rembes ke cellar. Ganti packing stuffing box, area dibersihkan. down 45 menit. Mohon follow up PO spare."
WO-26-11729,2026-03-07,Seruni,Bambang,"kabel ESP SR-027 insulasi jelek (megger rendah), pompa & motor ok. Penggantian power cable via workover. down 45 menit Mohon follow up PO spare."
WO-26-12192,2026-03-07,Seruni,Rizal,"kabel ESP SR-014 insulasi jelek (megger rendah), pompa & motor ok. Penggantian power cable via workover. stop pkl 15.00, normal kembali pkl 20.00"
WO-26-12403,2026-03-08,Seruni,Fikri,"Separator V-SR1-101 high level alarm, LCV tidak membuka. Kalibrasi level transmitter + perbaiki positioner LCV. stop pkl 14.00, normal kembali pkl 17.00. Sumur sebelahnya aman."
WO-26-11528,2026-03-09,Kenanga,Rahmat,"SG-KN-10: burner flame-out, cek fuel gas pressure normal, ternyata UV scanner error. Ganti scanner. DT 7h"
WO-26-11702,2026-03-09,Kenanga,Irfan,"SG-KN-03 trip flame failure berulang. Flame scanner kotor/rusak, diganti baru. Burner normal. mati sejak pukul 22.00 kemarin malam, running lagi 05.00 pagi."
WO-26-12389,2026-03-09,Melati,Agus,"Seal kompresor K-ML1-201 bocor gas, LEL detector alarm. Unit SD, mechanical seal diganti. mati 10.30-15.30. Kondisi hujan, akses jalan licin."
WO-26-11787,2026-03-10,Kenanga,Bambang,"Rembesan di flange manway V-KN2-101, gas detector bunyi sebentar (H2S 3 ppm). Area diisolasi, gasket diganti. stop pkl 14.00, normal kembali pkl 18.00. Sumur sebelahnya aman."
WO-26-11295,2026-03-11,Seruni,Fikri,"Sumur SR-010 mati, VSD alarm ground fault. Cek JB permukaan aman, ternyata kabel downhole yg rusak. Ganti kabel lewat pulling job, mati sejak pukul 21.00 kemarin malam, running lagi 03.00 pagi."
WO-26-11488,2026-03-11,Seruni,Hendra,"SR-021 trip UL (underload) berulang, PIP turun, indikasi gas lock / inflow kurang. Frekuensi VSD diturunkan dari 55 ke 50 Hz, reset. mati sejak pukul 22.00 kemarin malam, running lagi 03.00 pagi."
WO-26-11159,2026-03-12,Seruni,Doni,"seal kompresor k-sr1-201 bocor gas, lel detector alarm. unit sd, mechanical seal diganti. stop pkl 14.00, normal kembali pkl 17.00. kondisi hujan, akses jalan licin."
WO-26-11240,2026-03-13,Kenanga,Arif,"KN-077 produksi turun drastis, dyno card menunjukkan pump worn (fluid pound). Ganti downhole pump. downtime 3 jam."
WO-26-10368,2026-03-15,Seruni,Agus,"sr-020 amp tinggi + vibrasi, sand content naik. dilakukan flushing pompa, unit running kembali. sumur off dari jam 10.00 s/d 18.00"
WO-26-11351,2026-03-15,Seruni,Arif,"ESP SR-027 trip OL, coba restart 2x gagal. Megger motor phase-to-ground 0 Mohm -> motor burnt. Usul pulling job ganti motor. stop pkl 14.00, normal kembali pkl 19.00. Lapor via radio ke control room."
WO-26-11048,2026-03-16,Kenanga,Doni,"kn-158 produksi turun drastis, dyno card menunjukkan pump worn (fluid pound). ganti downhole pump. dt 7h. lapor via radio ke control room."
WO-26-11204,2026-03-16,Kenanga,Sutrisno,"KN-112 pompa angguk jalan tp ga ada produksi, dyno: rod putus. Pulling unit masuk, rod diganti. mati sejak pukul 23.00 kemarin malam, running lagi 06.00 pagi"
WO-26-10612,2026-03-18,Seruni,Fikri,"SR-014 amp tinggi + vibrasi, sand content naik. Dilakukan flushing pompa, unit running kembali. downtime 3 hari"
WO-26-12304,2026-03-18,Kenanga,Hendra,"SG-KN-04 trip flame failure berulang. Flame scanner kotor/rusak, diganti baru. Burner normal. stop pkl 14.00, normal kembali pkl 19.00. Cek SRP lain di pad yg sama normal."
WO-26-10604,2026-03-19,Melati,Bambang,Kompresor K-ML1-202 trip high vibration. Bearing sisi drive diganti. downtime 3 hari. Lapor via radio ke control room.
WO-26-10901,2026-03-19,Seruni,Sutrisno,"PM VSD SR-051: bersihkan filter udara, cek koneksi terminal, thermal scan OK. unit stop 3 jam selama PM. Lapor via radio ke control room."
WO-26-11397,2026-03-20,Seruni,Yudi,"Flowline FL-SR-013 bocor (pinhole) akibat korosi internal, tumpahan ±15 bbl ke ROW. Clamp sementara + clean up. sumur off 1 hari nunggu rig. Ref WO sebelumnya."
WO-26-10286,2026-03-21,Kenanga,Wahyu,"FL-KN-014 buntu wax, dilakukan hot oiling. sumur off 1,5 hari nunggu rig"
WO-26-10904,2026-03-21,Kenanga,Wahyu,"SG-KN-05 tube leak di convection section, steam keluar dari casing. Unit di-shutdown, area dibarikade, tube di-plug. down 30 menit. Kondisi hujan, akses jalan licin."
WO-26-12017,2026-03-22,Melati,Fikri,"Sumur ML-019 mati, VSD alarm ground fault. Cek JB permukaan aman, ternyata kabel downhole yg rusak. Ganti kabel lewat pulling job, mati sejak pukul 23.00 kemarin malam, running lagi 03.00 pagi. Sumur sebelahnya aman."
WO-26-11462,2026-03-23,Seruni,Wahyu,"Sumur SR-027 mati, VSD alarm ground fault. Cek JB permukaan aman, ternyata kabel downhole yg rusak. Ganti kabel lewat pulling job, mati sejak pukul 22.00 kemarin malam, running lagi 05.00 pagi."
WO-26-12164,2026-03-23,Kenanga,Wahyu,"Pompa injeksi P-KN1-301 plunger aus, discharge pressure drop. Ganti plunger & packing. down ±12 jam. Sumur sebelahnya aman."
WO-26-10180,2026-03-25,Kenanga,Irfan,"Gearbox pumping unit KN-029 bunyi kasar, oli bocor dikit. Ganti bearing gearbox + top up oli. DT 2.5h. Lapor via radio ke control room."
WO-26-10243,2026-03-25,Melati,Rahmat,"ML-037 stator PCP rusak (elastomer swell). Rig masuk ganti rotor-stator. mati sejak pukul 22.00 kemarin malam, running lagi 05.00 pagi Sumur sebelahnya aman."
WO-26-12400,2026-03-25,Kenanga,Wahyu,"SRP KN-044 rod part, polished rod ringan & dyno card abnormal. Fishing job + ganti rod string sebagian. mati sejak pukul 23.00 kemarin malam, running lagi 06.00 pagi. Cek SRP lain di pad yg sama normal."
WO-26-12247,2026-03-28,Seruni,Arif,"Separator V-SR1-102 high level alarm, LCV tidak membuka. Kalibrasi level transmitter + perbaiki positioner LCV. down 30 menit. Ref WO sebelumnya."
WO-26-10504,2026-03-29,Melati,Arif,ML-036 stator PCP rusak (elastomer swell). Rig masuk ganti rotor-stator. mati 07.00-13.30
WO-26-10715,2026-03-29,Kenanga,Sutrisno,"KN-036: noise di gear reducer, setelah dibuka bearing aus. Diperbaiki bengkel lapangan. sumur off dari jam 07.30 s/d 15.00 Cek SRP lain di pad yg sama normal."
WO-26-11324,2026-03-29,Kenanga,Rahmat,"Gearbox pumping unit KN-013 bunyi kasar, oli bocor dikit. Ganti bearing gearbox + top up oli. sumur off dari jam 09.30 s/d 14.00. Lapor via radio ke control room."
WO-26-10409,2026-03-30,Melati,Rizal,Motor drive head PCP ML-034 panas & trip thermal. Motor diganti unit spare. sumur off dari jam 09.00 s/d 14.00. Mohon follow up PO spare.
WO-26-11606,2026-03-30,Kenanga,Agus,"KN-112: noise di gear reducer, setelah dibuka bearing aus. Diperbaiki bengkel lapangan. down ±5 jam"
WO-26-10198,2026-04-02,Seruni,Rahmat,"Sumur SR-012 mati, VSD alarm ground fault. Cek JB permukaan aman, ternyata kabel downhole yg rusak. Ganti kabel lewat pulling job, DT 1.5h. Lapor via radio ke control room."
WO-26-10780,2026-04-02,Kenanga,Doni,"FL-KN-020 buntu wax, dilakukan hot oiling. mati sejak pukul 23.00 kemarin malam, running lagi 05.00 pagi Kondisi hujan, akses jalan licin."
WO-26-12583,2026-04-02,Melati,Doni,"ML-015: unit ESP ga mau start, hasil megger motor short. Diputuskan workover, motor diganti baru. down 30 menit Kondisi hujan, akses jalan licin."
WO-26-11521,2026-04-04,Kenanga,Arif,"SG-KN-05 tube leak di convection section, steam keluar dari casing. Unit di-shutdown, area dibarikade, tube di-plug. downtime 12 jam. Lapor via radio ke control room."
WO-26-11233,2026-04-06,Kenanga,Doni,"Stuffing box KN-112 bocor, minyak rembes ke cellar. Ganti packing stuffing box, area dibersihkan. mati sejak pukul 22.00 kemarin malam, running lagi 06.00 pagi. Info ke foreman."
WO-26-11434,2026-04-07,Seruni,Hendra,"sr-027: drive fault di vsd, igbt module diganti teknisi electrical. esp normal kembali. sumur off dari jam 07.30 s/d 12.00 sumur sebelahnya aman."
WO-26-12062,2026-04-08,Seruni,Hendra,"sr-014: drive fault di vsd, igbt module diganti teknisi electrical. esp normal kembali. mati sejak pukul 20.00 kemarin malam, running lagi 05.00 pagi ref wo sebelumnya."
WO-26-10074,2026-04-12,Kenanga,Wahyu,"KN-157: noise di gear reducer, setelah dibuka bearing aus. Diperbaiki bengkel lapangan. mati 06.00-14.00 Mohon follow up PO spare."
WO-26-12237,2026-04-12,Melati,Doni,"PM VSD ML-011: bersihkan filter udara, cek koneksi terminal, thermal scan OK. unit stop 1 jam selama PM. Lapor via radio ke control room."
WO-26-12180,2026-04-13,Kenanga,Sutrisno,"SG-KN-07: burner flame-out, cek fuel gas pressure normal, ternyata UV scanner error. Ganti scanner. mati sejak pukul 22.00 kemarin malam, running lagi 04.00 pagi Lapor via radio ke control room."
WO-26-11576,2026-04-14,Seruni,Wahyu,"Separator V-SR1-102 high level alarm, LCV tidak membuka. Kalibrasi level transmitter + perbaiki positioner LCV. down ±10 jam. Info ke foreman."
WO-26-10555,2026-04-15,Kenanga,Irfan,"flowline fl-kn-019 tekanan naik, indikasi plugging parafin. pigging + hot oil, tekanan normal. mati 08.30-11.30. kondisi hujan, akses jalan licin."
WO-26-10871,2026-04-15,Kenanga,Irfan,"V-belt prime mover KN-077 putus, ganti set belt baru. DT 2.5h."
WO-26-11851,2026-04-15,Seruni,Agus,"P-SR1-301 trip low suction pressure karena level tangki rendah. Isi tangki, reset pompa. mati sejak pukul 21.00 kemarin malam, running lagi 05.00 pagi. Lapor via radio ke control room."
WO-26-12323,2026-04-16,Seruni,Hendra,"SR-057 trip UL (underload) berulang, PIP turun, indikasi gas lock / inflow kurang. Frekuensi VSD diturunkan dari 55 ke 50 Hz, reset. downtime 2 hari."
WO-26-10394,2026-04-19,Melati,Irfan,"ML-004 amp tinggi + vibrasi, sand content naik. Dilakukan flushing pompa, unit running kembali. mati sejak pukul 21.00 kemarin malam, running lagi 06.00 pagi Mohon follow up PO spare."
WO-26-12099,2026-04-19,Seruni,Arif,"SR-014: unit ESP ga mau start, hasil megger motor short. Diputuskan workover, motor diganti baru. down ±3 jam Ref WO sebelumnya."
WO-26-11259,2026-04-20,Kenanga,Hendra,"V-belt prime mover KN-157 putus, ganti set belt baru. down 90 menit."
WO-26-11508,2026-04-21,Melati,Doni,"Seal kompresor K-ML1-202 bocor gas, LEL detector alarm. Unit SD, mechanical seal diganti. mati sejak pukul 20.00 kemarin malam, running lagi 03.00 pagi. Lapor via radio ke control room."
WO-26-12493,2026-04-21,Kenanga,Sutrisno,"Feedwater pump SG-KN-06 vibrasi tinggi, bearing diganti. Generator sempat turun rate. down ±6 jam."
WO-26-10228,2026-04-22,Seruni,Irfan,"kabel ESP SR-003 insulasi jelek (megger rendah), pompa & motor ok. Penggantian power cable via workover. stop pkl 15.00, normal kembali pkl 20.00 Kondisi hujan, akses jalan licin."
WO-26-11362,2026-04-22,Kenanga,Rizal,"SG-KN-02: burner flame-out, cek fuel gas pressure normal, ternyata UV scanner error. Ganti scanner. stop pkl 15.00, normal kembali pkl 20.00"
WO-26-12719,2026-04-22,Seruni,Fikri,"kabel ESP SR-038 insulasi jelek (megger rendah), pompa & motor ok. Penggantian power cable via workover. down 90 menit"
WO-26-10587,2026-04-23,Kenanga,Yudi,"SG-KN-09: burner flame-out, cek fuel gas pressure normal, ternyata UV scanner error. Ganti scanner. downtime 10 jam Mohon follow up PO spare."
WO-26-10754,2026-04-23,Melati,Arif,"motor drive head pcp ml-048 panas & trip thermal. motor diganti unit spare. downtime 8 jam. kondisi hujan, akses jalan licin."
WO-26-11656,2026-04-23,Seruni,Fikri,"underload SR-041, fluid level rendah. Setting VSD diubah + restart, kabel tidak ada masalah. down 90 menit Ref WO sebelumnya."
WO-26-10083,2026-04-25,Melati,Bambang,"Motor drive head PCP ML-035 panas & trip thermal. Motor diganti unit spare. sumur off 1,5 hari nunggu rig."
WO-26-12378,2026-04-29,Melati,Agus,"ML-048 stator PCP rusak (elastomer swell). Rig masuk ganti rotor-stator. mati sejak pukul 20.00 kemarin malam, running lagi 05.00 pagi Lapor via radio ke control room."
WO-26-12757,2026-04-29,Kenanga,Doni,"KN-165 produksi turun drastis, dyno card menunjukkan pump worn (fluid pound). Ganti downhole pump. down 45 menit. Mohon follow up PO spare."
WO-26-10290,2026-04-30,Seruni,Rahmat,"underload SR-035, fluid level rendah. Setting VSD diubah + restart, kabel tidak ada masalah. mati sejak pukul 21.00 kemarin malam, running lagi 03.00 pagi Cek SRP lain di pad yg sama normal."
WO-26-11594,2026-04-30,Melati,Rahmat,"PCP ML-041 torque tinggi lalu turun, produksi 0. Stator aus/terkelupas. Ganti pompa PCP via workover. down 30 menit."
WO-26-12571,2026-04-30,Seruni,Rahmat,"ESP SR-014 trip OL, ampere naik 40% dari normal. Megger kabel & motor OK, suspect pompa ngeblok pasir. Hot oil flushing lalu start ulang normal. off kurang lebih 10 jam. Info ke foreman."
WO-26-11112,2026-05-02,Seruni,Yudi,"SR-014 ESP trip, megger kabel drop ke 2 Mohm (normal >100). Suspect kabel bocor di splice. Rig masuk, ganti cable+splice. off kurang lebih 8 jam."
WO-26-10850,2026-05-04,Seruni,Yudi,"ESP SR-041 trip OL, coba restart 2x gagal. Megger motor phase-to-ground 0 Mohm -> motor burnt. Usul pulling job ganti motor. off kurang lebih 2 jam."
WO-26-12787,2026-05-04,Kenanga,Arif,"KN-141 produksi turun drastis, dyno card menunjukkan pump worn (fluid pound). Ganti downhole pump. mati sejak pukul 22.00 kemarin malam, running lagi 03.00 pagi. Mohon follow up PO spare."
WO-26-10204,2026-05-05,Melati,Rizal,"PCP ML-031 torque tinggi lalu turun, produksi 0. Stator aus/terkelupas. Ganti pompa PCP via workover. downtime 1 hari. Mohon follow up PO spare."
WO-26-10451,2026-05-05,Melati,Yudi,"ML-029: drive fault di VSD, IGBT module diganti teknisi electrical. ESP normal kembali. sumur off 1,5 hari nunggu rig Sumur sebelahnya aman."
WO-26-11878,2026-05-05,Kenanga,Wahyu,"SG-KN-03 trip flame failure berulang. Flame scanner kotor/rusak, diganti baru. Burner normal. off kurang lebih 4 jam."
WO-26-11956,2026-05-05,Kenanga,Rahmat,"rod KN-070 part di kedalaman ±5 ft, dilakukan fishing & ganti 12 joint rod. down 90 menit."
WO-26-12162,2026-05-06,Seruni,Arif,"underload SR-014, fluid level rendah. Setting VSD diubah + restart, kabel tidak ada masalah. downtime 6 jam Cek SRP lain di pad yg sama normal."
WO-26-10647,2026-05-07,Seruni,Irfan,"SR-014: drive fault di VSD, IGBT module diganti teknisi electrical. ESP normal kembali. downtime 5 jam"
WO-26-11623,2026-05-07,Seruni,Rizal,"kabel esp sr-027 insulasi jelek (megger rendah), pompa & motor ok. penggantian power cable via workover. off kurang lebih 5 jam"
WO-26-11740,2026-05-07,Melati,Wahyu,"ML-011: unit ESP ga mau start, hasil megger motor short. Diputuskan workover, motor diganti baru. off kurang lebih 5 jam Sumur sebelahnya aman."
WO-26-12429,2026-05-08,Kenanga,Sutrisno,"srp kn-051 rod part, polished rod ringan & dyno card abnormal. fishing job + ganti rod string sebagian. mati sejak pukul 22.00 kemarin malam, running lagi 03.00 pagi."
WO-26-10335,2026-05-09,Kenanga,Wahyu,"Stuffing box KN-084 bocor, minyak rembes ke cellar. Ganti packing stuffing box, area dibersihkan. down ±12 jam. Mohon follow up PO spare."
WO-26-12201,2026-05-09,Melati,Irfan,"esp ml-014 trip ol, ampere naik 35% dari normal. megger kabel & motor ok, suspect pompa ngeblok pasir. hot oil flushing lalu start ulang normal. stop pkl 15.00, normal kembali pkl 20.00. ref wo sebelumnya."
WO-26-10306,2026-05-10,Seruni,Fikri,"kabel ESP SR-041 insulasi jelek (megger rendah), pompa & motor ok. Penggantian power cable via workover. mati 08.30-16.30"
WO-26-12489,2026-05-10,Kenanga,Irfan,"PM rutin pumping unit KN-039: greasing, cek alignment, setel counterbalance. unit stop 1 jam selama PM. Sumur sebelahnya aman."
WO-26-10424,2026-05-11,Melati,Rizal,ML-041 stator PCP rusak (elastomer swell). Rig masuk ganti rotor-stator. down 30 menit Lapor via radio ke control room.
WO-26-10761,2026-05-11,Seruni,Rahmat,"Rembesan di flange manway V-SR1-102, gas detector bunyi sebentar (H2S 2450 ppm). Area diisolasi, gasket diganti. DT 9h."
WO-26-10147,2026-05-12,Seruni,Hendra,"underload sr-027, fluid level rendah. setting vsd diubah + restart, kabel tidak ada masalah. off kurang lebih 2 jam"
WO-26-10351,2026-05-12,Seruni,Yudi,"v-sr1-102: level control hunting, positioner lcv rusak, diganti. produksi gs sempat di-cut. stop pkl 15.00, normal kembali pkl 20.00 sumur sebelahnya aman."
WO-26-10391,2026-05-12,Seruni,Sutrisno,"ESP SR-041 trip OL, coba restart 2x gagal. Megger motor phase-to-ground 0 Mohm -> motor burnt. Usul pulling job ganti motor. mati sejak pukul 20.00 kemarin malam, running lagi 04.00 pagi. Kondisi hujan, akses jalan licin."
WO-26-12655,2026-05-12,Kenanga,Hendra,"PM rutin pumping unit KN-067: greasing, cek alignment, setel counterbalance. unit stop 2 jam selama PM. Ref WO sebelumnya."
WO-26-11921,2026-05-13,Kenanga,Hendra,"KN-107 leak di stuffing box, ada ceceran minyak ±15 liter di sekitar wellhead. Packing diganti + housekeeping. downtime 10 jam"
WO-26-11452,2026-05-15,Seruni,Arif,"ESP SR-037 trip OL, coba restart 2x gagal. Megger motor phase-to-ground 0 Mohm -> motor burnt. Usul pulling job ganti motor. down 90 menit. Sumur sebelahnya aman."
WO-26-11805,2026-05-15,Seruni,Agus,"SR-006: drive fault di VSD, IGBT module diganti teknisi electrical. ESP normal kembali. mati 08.00-14.30"
WO-26-11988,2026-05-15,Melati,Hendra,"ESP ML-003 trip OL, coba restart 2x gagal. Megger motor phase-to-ground 0 Mohm -> motor burnt. Usul pulling job ganti motor. stop pkl 15.00, normal kembali pkl 19.00. Kondisi hujan, akses jalan licin."
WO-26-12137,2026-05-15,Kenanga,Wahyu,"Pompa injeksi P-KN1-301 plunger aus, discharge pressure drop. Ganti plunger & packing. off kurang lebih 10 jam. Lapor via radio ke control room."
WO-26-11007,2026-05-16,Kenanga,Irfan,"V-belt prime mover KN-112 putus, ganti set belt baru. down 30 menit. Cek SRP lain di pad yg sama normal."
WO-26-11649,2026-05-16,Melati,Yudi,"K-ML1-202 vibrasi naik ke 15 mm/s, bearing aus. Overhaul parsial. mati sejak pukul 22.00 kemarin malam, running lagi 05.00 pagi Mohon follow up PO spare."
WO-26-10466,2026-05-17,Seruni,Fikri,"SR-041 trip UL (underload) berulang, PIP turun, indikasi gas lock / inflow kurang. Frekuensi VSD diturunkan dari 55 ke 50 Hz, reset. stop pkl 14.00, normal kembali pkl 19.00. Lapor via radio ke control room."
WO-26-11910,2026-05-19,Kenanga,Arif,"flowline fl-kn-019 bocor (pinhole) akibat korosi internal, tumpahan ±5 bbl ke row. clamp sementara + clean up. downtime 3 hari. mohon follow up po spare."
WO-26-12032,2026-05-19,Seruni,Sutrisno,"SR-041 ESP trip, megger kabel drop ke 2 Mohm (normal >100). Suspect kabel bocor di splice. Rig masuk, ganti cable+splice. mati sejak pukul 23.00 kemarin malam, running lagi 05.00 pagi. Sumur sebelahnya aman."
WO-26-12799,2026-05-19,Kenanga,Yudi,"KN-082 pompa angguk jalan tp ga ada produksi, dyno: rod putus. Pulling unit masuk, rod diganti. down 45 menit Kondisi hujan, akses jalan licin."
WO-26-10115,2026-05-20,Seruni,Wahyu,"kabel ESP SR-050 insulasi jelek (megger rendah), pompa & motor ok. Penggantian power cable via workover. downtime 3 hari Mohon follow up PO spare."
WO-26-11182,2026-05-20,Kenanga,Rizal,"KN-021 leak di stuffing box, ada ceceran minyak ±12 liter di sekitar wellhead. Packing diganti + housekeeping. mati 06.30-11.00 Sumur sebelahnya aman."
WO-26-11263,2026-05-21,Seruni,Doni,"VSD SR-041 display mati, kartu kontrol rusak (cek kabel downhole normal). Ganti control board VSD. mati 08.00-10.00. Lapor via radio ke control room."
WO-26-10733,2026-05-22,Seruni,Fikri,"Separator V-SR1-102 high level alarm, LCV tidak membuka. Kalibrasi level transmitter + perbaiki positioner LCV. sumur off 1 hari nunggu rig. Kondisi hujan, akses jalan licin."
WO-26-10800,2026-05-22,Melati,Doni,"Motor drive head PCP ML-032 panas & trip thermal. Motor diganti unit spare. stop pkl 14.00, normal kembali pkl 18.00. Lapor via radio ke control room."
WO-26-11056,2026-05-22,Kenanga,Doni,"SG-KN-03 trip flame failure berulang. Flame scanner kotor/rusak, diganti baru. Burner normal. stop pkl 14.00, normal kembali pkl 17.00. Cek SRP lain di pad yg sama normal."
WO-26-11199,2026-05-22,Melati,Doni,Motor drive head PCP ML-042 panas & trip thermal. Motor diganti unit spare. down 45 menit. Cek SRP lain di pad yg sama normal.
WO-26-12594,2026-05-22,Seruni,Sutrisno,"esp sr-051 trip ol, coba restart 2x gagal. megger motor phase-to-ground 0 mohm -> motor burnt. usul pulling job ganti motor. dt 16h."
WO-26-10495,2026-05-23,Seruni,Rizal,"underload SR-014, fluid level rendah. Setting VSD diubah + restart, kabel tidak ada masalah. sumur off dari jam 06.30 s/d 13.00 Lapor via radio ke control room."
WO-26-12694,2026-05-24,Melati,Yudi,"separator v-ml1-101 high level alarm, lcv tidak membuka. kalibrasi level transmitter + perbaiki positioner lcv. down ±12 jam."
WO-26-10813,2026-05-26,Seruni,Hendra,"underload SR-002, fluid level rendah. Setting VSD diubah + restart, kabel tidak ada masalah. mati 10.30-18.30"
WO-26-11886,2026-05-26,Kenanga,Hendra,"Feedwater pump SG-KN-05 vibrasi tinggi, bearing diganti. Generator sempat turun rate. down 90 menit."
WO-26-12084,2026-05-26,Seruni,Wahyu,"K-SR1-201 vibrasi naik ke 5 mm/s, bearing aus. Overhaul parsial. sumur off 1 hari nunggu rig Kondisi hujan, akses jalan licin."
WO-26-11125,2026-05-27,Kenanga,Yudi,"PM rutin pumping unit KN-087: greasing, cek alignment, setel counterbalance. unit stop 1 jam selama PM. Cek SRP lain di pad yg sama normal."
WO-26-10125,2026-05-28,Seruni,Hendra,"PM VSD SR-054: bersihkan filter udara, cek koneksi terminal, thermal scan OK. unit stop 3 jam selama PM. Lapor via radio ke control room."
WO-26-12779,2026-05-28,Kenanga,Doni,"feedwater pump sg-kn-04 vibrasi tinggi, bearing diganti. generator sempat turun rate. off kurang lebih 3 jam."
WO-26-12474,2026-05-29,Seruni,Wahyu,"kabel ESP SR-020 insulasi jelek (megger rendah), pompa & motor ok. Penggantian power cable via workover. mati 09.30-14.30"
WO-26-12257,2026-05-31,Seruni,Yudi,"underload SR-007, fluid level rendah. Setting VSD diubah + restart, kabel tidak ada masalah. sumur off dari jam 06.00 s/d 14.00 Mohon follow up PO spare."
WO-26-10432,2026-06-01,Kenanga,Bambang,"PM rutin pumping unit KN-071: greasing, cek alignment, setel counterbalance. unit stop 1 jam selama PM."
WO-26-10542,2026-06-01,Kenanga,Fikri,"rod KN-112 part di kedalaman ±3 ft, dilakukan fishing & ganti 12 joint rod. sumur off 1 hari nunggu rig. Sumur sebelahnya aman."
WO-26-10700,2026-06-01,Melati,Rahmat,"ML-029: drive fault di VSD, IGBT module diganti teknisi electrical. ESP normal kembali. down ±3 jam Mohon follow up PO spare."
WO-26-11499,2026-06-02,Seruni,Rizal,"PM VSD SR-033: bersihkan filter udara, cek koneksi terminal, thermal scan OK. unit stop 1 jam selama PM. Cek SRP lain di pad yg sama normal."
WO-26-11068,2026-06-03,Kenanga,Bambang,"separator v-kn2-101 high level alarm, lcv tidak membuka. kalibrasi level transmitter + perbaiki positioner lcv. sumur off 3 hari nunggu rig."
WO-26-12190,2026-06-03,Kenanga,Sutrisno,"Separator V-KN2-101 high level alarm, LCV tidak membuka. Kalibrasi level transmitter + perbaiki positioner LCV. downtime 3 hari. Info ke foreman."
WO-26-12566,2026-06-03,Seruni,Yudi,"ESP SR-045 trip OL, coba restart 2x gagal. Megger motor phase-to-ground 0 Mohm -> motor burnt. Usul pulling job ganti motor. stop pkl 13.00, normal kembali pkl 16.00."
WO-26-12221,2026-06-05,Seruni,Arif,"Sumur SR-041 mati, VSD alarm ground fault. Cek JB permukaan aman, ternyata kabel downhole yg rusak. Ganti kabel lewat pulling job, mati 08.30-16.30. Mohon follow up PO spare."
WO-26-11273,2026-06-06,Kenanga,Hendra,"kn-179 leak di stuffing box, ada ceceran minyak ±5 liter di sekitar wellhead. packing diganti + housekeeping. sumur off 1 hari nunggu rig sumur sebelahnya aman."
WO-26-12697,2026-06-06,Kenanga,Wahyu,"Flowline FL-KN-019 bocor (pinhole) akibat korosi internal, tumpahan ±3 bbl ke ROW. Clamp sementara + clean up. down 30 menit. Kondisi hujan, akses jalan licin."
WO-26-12312,2026-06-07,Seruni,Arif,"P-SR1-301 trip low suction pressure karena level tangki rendah. Isi tangki, reset pompa. off kurang lebih 8 jam. Lapor via radio ke control room."
WO-26-10796,2026-06-08,Kenanga,Hendra,"KN-077 leak di stuffing box, ada ceceran minyak ±3 liter di sekitar wellhead. Packing diganti + housekeeping. DT 14h Info ke foreman."
WO-26-11446,2026-06-08,Melati,Wahyu,"ML-022: drive fault di VSD, IGBT module diganti teknisi electrical. ESP normal kembali. DT 2.5h"
WO-26-12176,2026-06-08,Seruni,Yudi,"SR-014: unit ESP ga mau start, hasil megger motor short. Diputuskan workover, motor diganti baru. sumur off 1 hari nunggu rig Mohon follow up PO spare."
WO-26-12246,2026-06-08,Seruni,Rahmat,"SR-022 trip UL (underload) berulang, PIP turun, indikasi gas lock / inflow kurang. Frekuensi VSD diturunkan dari 55 ke 50 Hz, reset. sumur off dari jam 10.30 s/d 13.30."
WO-26-12522,2026-06-10,Kenanga,Rahmat,"PM rutin pumping unit KN-179: greasing, cek alignment, setel counterbalance. unit stop 1 jam selama PM. Ref WO sebelumnya."
WO-26-10059,2026-06-12,Kenanga,Fikri,"KN-075: noise di gear reducer, setelah dibuka bearing aus. Diperbaiki bengkel lapangan. sumur off 1 hari nunggu rig Kondisi hujan, akses jalan licin."
WO-26-11827,2026-06-12,Kenanga,Arif,"FL-KN-038 buntu wax, dilakukan hot oiling. down 90 menit Kondisi hujan, akses jalan licin."
WO-26-11838,2026-06-15,Seruni,Doni,"SR-041: drive fault di VSD, IGBT module diganti teknisi electrical. ESP normal kembali. stop pkl 15.00, normal kembali pkl 19.00 Sumur sebelahnya aman."
WO-26-12028,2026-06-15,Kenanga,Irfan,"Stuffing box KN-088 bocor, minyak rembes ke cellar. Ganti packing stuffing box, area dibersihkan. mati sejak pukul 23.00 kemarin malam, running lagi 03.00 pagi."
WO-26-10312,2026-06-17,Melati,Rahmat,ML-039 stator PCP rusak (elastomer swell). Rig masuk ganti rotor-stator. off kurang lebih 5 jam Lapor via radio ke control room.
WO-26-11318,2026-06-17,Seruni,Rizal,"SR-027: unit ESP ga mau start, hasil megger motor short. Diputuskan workover, motor diganti baru. stop pkl 14.00, normal kembali pkl 18.00"
WO-26-11869,2026-06-17,Kenanga,Hendra,"FL-KN-019 leak di low point, ada genangan minyak. Pasang leak clamp, laporkan ke HSE. down 30 menit Cek SRP lain di pad yg sama normal."
WO-26-10320,2026-06-18,Seruni,Bambang,"PM VSD SR-020: bersihkan filter udara, cek koneksi terminal, thermal scan OK. unit stop 3 jam selama PM. Kondisi hujan, akses jalan licin."
WO-26-11612,2026-06-18,Kenanga,Hendra,"Flowline FL-KN-019 tekanan naik, indikasi plugging parafin. Pigging + hot oil, tekanan normal. down ±2 jam. Ref WO sebelumnya."
WO-26-12759,2026-06-18,Seruni,Sutrisno,"VSD SR-014 display mati, kartu kontrol rusak (cek kabel downhole normal). Ganti control board VSD. mati sejak pukul 22.00 kemarin malam, running lagi 06.00 pagi. Info ke foreman."
WO-26-10170,2026-06-19,Kenanga,Yudi,"Rembesan di flange manway V-KN2-101, gas detector bunyi sebentar (H2S 15 ppm). Area diisolasi, gasket diganti. mati sejak pukul 20.00 kemarin malam, running lagi 05.00 pagi."
WO-26-11847,2026-06-19,Seruni,Rahmat,"Sumur SR-024 mati, VSD alarm ground fault. Cek JB permukaan aman, ternyata kabel downhole yg rusak. Ganti kabel lewat pulling job, DT 14h. Ref WO sebelumnya."
WO-26-11291,2026-06-20,Seruni,Doni,"kabel ESP SR-041 insulasi jelek (megger rendah), pompa & motor ok. Penggantian power cable via workover. stop pkl 14.00, normal kembali pkl 18.00 Mohon follow up PO spare."
WO-26-11626,2026-06-20,Kenanga,Sutrisno,"PM rutin pumping unit KN-063: greasing, cek alignment, setel counterbalance. unit stop 3 jam selama PM. Ref WO sebelumnya."
WO-26-11389,2026-06-21,Melati,Agus,"PCP ML-036 torque tinggi lalu turun, produksi 0. Stator aus/terkelupas. Ganti pompa PCP via workover. down ±8 jam. Mohon follow up PO spare."
WO-26-11938,2026-06-21,Melati,Hendra,"K-ML1-202 vibrasi naik ke 15 mm/s, bearing aus. Overhaul parsial. DT 7h Mohon follow up PO spare."
WO-26-10099,2026-06-22,Seruni,Rahmat,"Sumur SR-056 mati, VSD alarm ground fault. Cek JB permukaan aman, ternyata kabel downhole yg rusak. Ganti kabel lewat pulling job, downtime 1,5 hari. Sumur sebelahnya aman."
WO-26-10297,2026-06-22,Kenanga,Agus,"gearbox pumping unit kn-112 bunyi kasar, oli bocor dikit. ganti bearing gearbox + top up oli. downtime 12 jam. mohon follow up po spare."
WO-26-11513,2026-06-22,Kenanga,Doni,"FL-KN-031 buntu wax, dilakukan hot oiling. downtime 6 jam"
WO-26-12602,2026-06-23,Kenanga,Arif,"PM rutin pumping unit KN-111: greasing, cek alignment, setel counterbalance. unit stop 1 jam selama PM."
WO-26-12048,2026-06-24,Kenanga,Arif,"Flowline FL-KN-019 bocor (pinhole) akibat korosi internal, tumpahan ±12 bbl ke ROW. Clamp sementara + clean up. sumur off dari jam 07.00 s/d 10.00. Info ke foreman."
WO-26-11369,2026-06-25,Seruni,Rahmat,"FL-SR-013 leak di low point, ada genangan minyak. Pasang leak clamp, laporkan ke HSE. downtime 2 hari Cek SRP lain di pad yg sama normal."
WO-26-12343,2026-06-25,Seruni,Wahyu,"underload SR-022, fluid level rendah. Setting VSD diubah + restart, kabel tidak ada masalah. mati sejak pukul 21.00 kemarin malam, running lagi 06.00 pagi Lapor via radio ke control room."
WO-26-12705,2026-06-25,Melati,Rizal,Motor drive head PCP ML-033 panas & trip thermal. Motor diganti unit spare. sumur off dari jam 07.00 s/d 14.30. Info ke foreman.
WO-26-10269,2026-06-26,Melati,Rizal,Motor drive head PCP ML-045 panas & trip thermal. Motor diganti unit spare. down ±3 jam. Sumur sebelahnya aman.
WO-26-12549,2026-06-26,Melati,Rahmat,"ML-018 amp tinggi + vibrasi, sand content naik. Dilakukan flushing pompa, unit running kembali. mati 07.00-12.00 Lapor via radio ke control room."
WO-26-12770,2026-06-26,Seruni,Irfan,"SR-044 ESP trip, megger kabel drop ke 2 Mohm (normal >100). Suspect kabel bocor di splice. Rig masuk, ganti cable+splice. mati 06.00-08.00."
WO-26-10157,2026-06-29,Melati,Irfan,"kabel ESP ML-014 insulasi jelek (megger rendah), pompa & motor ok. Penggantian power cable via workover. mati sejak pukul 23.00 kemarin malam, running lagi 03.00 pagi Sumur sebelahnya aman."
WO-26-10619,2026-06-29,Kenanga,Fikri,"KN-112 pompa angguk jalan tp ga ada produksi, dyno: rod putus. Pulling unit masuk, rod diganti. down ±10 jam Lapor via radio ke control room."
WO-26-10497,2026-06-30,Kenanga,Wahyu,"V-belt prime mover KN-077 putus, ganti set belt baru. sumur off dari jam 10.30 s/d 15.30. Kondisi hujan, akses jalan licin."
WO-26-12543,2026-06-30,Seruni,Yudi,"SR-027 ESP trip, megger kabel drop ke 2 Mohm (normal >100). Suspect kabel bocor di splice. Rig masuk, ganti cable+splice. down 30 menit. Ref WO sebelumnya."
WO-26-10963,2026-07-01,Kenanga,Sutrisno,"srp kn-077 rod part, polished rod ringan & dyno card abnormal. fishing job + ganti rod string sebagian. sumur off dari jam 06.30 s/d 14.30."
WO-26-11309,2026-07-01,Kenanga,Irfan,"KN-102 pompa angguk jalan tp ga ada produksi, dyno: rod putus. Pulling unit masuk, rod diganti. mati sejak pukul 23.00 kemarin malam, running lagi 03.00 pagi Lapor via radio ke control room."
WO-26-12679,2026-07-01,Seruni,Rizal,"Sumur SR-027 mati, VSD alarm ground fault. Cek JB permukaan aman, ternyata kabel downhole yg rusak. Ganti kabel lewat pulling job, sumur off 2 hari nunggu rig."
WO-26-10183,2026-07-02,Seruni,Rizal,"SR-017 trip UL (underload) berulang, PIP turun, indikasi gas lock / inflow kurang. Frekuensi VSD diturunkan dari 55 ke 50 Hz, reset. sumur off 3 hari nunggu rig. Sumur sebelahnya aman."
WO-26-12008,2026-07-03,Seruni,Sutrisno,"SR-029: unit ESP ga mau start, hasil megger motor short. Diputuskan workover, motor diganti baru. DT 3h"
WO-26-12651,2026-07-03,Kenanga,Agus,"SG-KN-01 tube leak di convection section, steam keluar dari casing. Unit di-shutdown, area dibarikade, tube di-plug. mati 07.30-10.30."
WO-26-12466,2026-07-04,Kenanga,Wahyu,"Feedwater pump SG-KN-03 vibrasi tinggi, bearing diganti. Generator sempat turun rate. sumur off 1 hari nunggu rig."
WO-26-10027,2026-07-06,Kenanga,Bambang,KN-112 belt slip & 1 putus. Ganti V-belt 3 pcs dan setel tension. downtime 3 hari
WO-26-10910,2026-07-06,Melati,Wahyu,motor drive head pcp ml-031 panas & trip thermal. motor diganti unit spare. down ±10 jam. info ke foreman.
WO-26-12777,2026-07-06,Seruni,Hendra,"Sumur SR-016 mati, VSD alarm ground fault. Cek JB permukaan aman, ternyata kabel downhole yg rusak. Ganti kabel lewat pulling job, DT 14h. Lapor via radio ke control room."
WO-26-11978,2026-07-07,Seruni,Agus,"underload SR-005, fluid level rendah. Setting VSD diubah + restart, kabel tidak ada masalah. sumur off 2 hari nunggu rig"
WO-26-10665,2026-07-08,Kenanga,Irfan,"SRP KN-066 rod part, polished rod ringan & dyno card abnormal. Fishing job + ganti rod string sebagian. down ±5 jam. Ref WO sebelumnya."
WO-26-12386,2026-07-08,Seruni,Bambang,"Flowline FL-SR-016 tekanan naik, indikasi plugging parafin. Pigging + hot oil, tekanan normal. mati sejak pukul 21.00 kemarin malam, running lagi 05.00 pagi. Mohon follow up PO spare."
WO-26-10066,2026-07-09,Melati,Bambang,ml-046 stator pcp rusak (elastomer swell). rig masuk ganti rotor-stator. downtime 5 jam
WO-26-11096,2026-07-10,Kenanga,Doni,"rod KN-110 part di kedalaman ±12 ft, dilakukan fishing & ganti 12 joint rod. off kurang lebih 6 jam."
WO-26-10211,2026-07-11,Kenanga,Wahyu,"FL-KN-019 buntu wax, dilakukan hot oiling. mati sejak pukul 23.00 kemarin malam, running lagi 06.00 pagi"
WO-26-10252,2026-07-11,Melati,Arif,"PCP ML-031 torque tinggi lalu turun, produksi 0. Stator aus/terkelupas. Ganti pompa PCP via workover. off kurang lebih 8 jam. Ref WO sebelumnya."
WO-26-10529,2026-07-13,Seruni,Fikri,"ESP SR-014 trip OL, coba restart 2x gagal. Megger motor phase-to-ground 0 Mohm -> motor burnt. Usul pulling job ganti motor. sumur off dari jam 08.00 s/d 12.30."
WO-26-10560,2026-07-13,Kenanga,Agus,"KN-112: noise di gear reducer, setelah dibuka bearing aus. Diperbaiki bengkel lapangan. down 45 menit"
WO-26-11423,2026-07-13,Seruni,Fikri,"VSD SR-054 display mati, kartu kontrol rusak (cek kabel downhole normal). Ganti control board VSD. off kurang lebih 4 jam. Info ke foreman."
WO-26-11687,2026-07-13,Seruni,Agus,"vsd sr-027 display mati, kartu kontrol rusak (cek kabel downhole normal). ganti control board vsd. sumur off dari jam 06.00 s/d 08.00. sumur sebelahnya aman."
WO-26-11721,2026-07-14,Seruni,Doni,"VSD SR-014 display mati, kartu kontrol rusak (cek kabel downhole normal). Ganti control board VSD. stop pkl 14.00, normal kembali pkl 17.00. Info ke foreman."
WO-26-10260,2026-07-15,Kenanga,Arif,"KN-019 leak di stuffing box, ada ceceran minyak ±12 liter di sekitar wellhead. Packing diganti + housekeeping. mati sejak pukul 22.00 kemarin malam, running lagi 03.00 pagi"
WO-26-10461,2026-07-15,Kenanga,Sutrisno,"Flowline FL-KN-038 bocor (pinhole) akibat korosi internal, tumpahan ±2450 bbl ke ROW. Clamp sementara + clean up. sumur off 1 hari nunggu rig."
WO-26-11302,2026-07-18,Seruni,Agus,"FL-SR-018 buntu wax, dilakukan hot oiling. sumur off dari jam 09.30 s/d 16.00 Cek SRP lain di pad yg sama normal."
WO-26-10824,2026-07-20,Kenanga,Rahmat,"Flowline FL-KN-012 bocor (pinhole) akibat korosi internal, tumpahan ±3 bbl ke ROW. Clamp sementara + clean up. off kurang lebih 8 jam."
WO-26-11795,2026-07-20,Kenanga,Rizal,"rod KN-010 part di kedalaman ±3100 ft, dilakukan fishing & ganti 12 joint rod. down 90 menit."
WO-26-12124,2026-07-20,Kenanga,Agus,"rod KN-112 part di kedalaman ±15 ft, dilakukan fishing & ganti 12 joint rod. downtime 1,5 hari. Cek SRP lain di pad yg sama normal."
WO-26-10476,2026-07-22,Kenanga,Yudi,"KN-077 pompa angguk jalan tp ga ada produksi, dyno: rod putus. Pulling unit masuk, rod diganti. DT 7h"
WO-26-10191,2026-07-23,Melati,Arif,"ESP ML-010 trip OL, coba restart 2x gagal. Megger motor phase-to-ground 0 Mohm -> motor burnt. Usul pulling job ganti motor. mati sejak pukul 21.00 kemarin malam, running lagi 04.00 pagi. Lapor via radio ke control room."
WO-26-10595,2026-07-23,Seruni,Fikri,"kabel ESP SR-014 insulasi jelek (megger rendah), pompa & motor ok. Penggantian power cable via workover. downtime 12 jam Sumur sebelahnya aman."
WO-26-10689,2026-07-23,Kenanga,Irfan,"KN-043 produksi turun drastis, dyno card menunjukkan pump worn (fluid pound). Ganti downhole pump. down 30 menit. Kondisi hujan, akses jalan licin."
WO-26-10342,2026-07-24,Seruni,Hendra,"SR-041 amp tinggi + vibrasi, sand content naik. Dilakukan flushing pompa, unit running kembali. mati sejak pukul 21.00 kemarin malam, running lagi 03.00 pagi Lapor via radio ke control room."
WO-26-12460,2026-07-25,Kenanga,Doni,"SRP KN-112 rod part, polished rod ringan & dyno card abnormal. Fishing job + ganti rod string sebagian. mati sejak pukul 20.00 kemarin malam, running lagi 03.00 pagi. Ref WO sebelumnya."
WO-26-10275,2026-07-26,Kenanga,Doni,"KN-112: noise di gear reducer, setelah dibuka bearing aus. Diperbaiki bengkel lapangan. mati sejak pukul 21.00 kemarin malam, running lagi 04.00 pagi Mohon follow up PO spare."
WO-26-11750,2026-07-26,Seruni,Sutrisno,"ESP SR-041 trip OL, ampere naik 35% dari normal. Megger kabel & motor OK, suspect pompa ngeblok pasir. Hot oil flushing lalu start ulang normal. mati sejak pukul 20.00 kemarin malam, running lagi 03.00 pagi."
WO-26-11543,2026-07-27,Kenanga,Sutrisno,"FL-KN-019 buntu wax, dilakukan hot oiling. DT 6h"
WO-26-10979,2026-07-28,Kenanga,Rizal,"rod KN-077 part di kedalaman ±5 ft, dilakukan fishing & ganti 12 joint rod. down 90 menit. Cek SRP lain di pad yg sama normal."
WO-26-11771,2026-07-28,Kenanga,Agus,"Flowline FL-KN-008 bocor (pinhole) akibat korosi internal, tumpahan ±2450 bbl ke ROW. Clamp sementara + clean up. sumur off 3 hari nunggu rig."
WO-26-11027,2026-07-29,Kenanga,Yudi,"V-belt prime mover KN-021 putus, ganti set belt baru. down 45 menit. Lapor via radio ke control room."
WO-26-11277,2026-07-29,Kenanga,Hendra,"KN-141 pompa angguk jalan tp ga ada produksi, dyno: rod putus. Pulling unit masuk, rod diganti. sumur off dari jam 09.30 s/d 14.00"
WO-26-10997,2026-07-30,Kenanga,Rahmat,"KN-112 pompa angguk jalan tp ga ada produksi, dyno: rod putus. Pulling unit masuk, rod diganti. sumur off 1 hari nunggu rig Ref WO sebelumnya."
WO-26-11764,2026-07-30,Melati,Doni,"underload ml-026, fluid level rendah. setting vsd diubah + restart, kabel tidak ada masalah. dt 9h sumur sebelahnya aman."
WO-26-12143,2026-07-30,Kenanga,Arif,"SRP KN-166 rod part, polished rod ringan & dyno card abnormal. Fishing job + ganti rod string sebagian. mati sejak pukul 22.00 kemarin malam, running lagi 03.00 pagi. Sumur sebelahnya aman."
WO-26-11570,2026-07-31,Kenanga,Arif,"rod kn-128 part di kedalaman ±3100 ft, dilakukan fishing & ganti 12 joint rod. downtime 3 hari."
WO-26-12210,2026-07-31,Kenanga,Irfan,"SRP KN-077 rod part, polished rod ringan & dyno card abnormal. Fishing job + ganti rod string sebagian. stop pkl 14.00, normal kembali pkl 17.00. Cek SRP lain di pad yg sama normal."
WO-26-10737,2026-08-01,Seruni,Doni,"SR-041 amp tinggi + vibrasi, sand content naik. Dilakukan flushing pompa, unit running kembali. off kurang lebih 12 jam"
WO-26-11170,2026-08-01,Kenanga,Fikri,"rod KN-041 part di kedalaman ±2450 ft, dilakukan fishing & ganti 12 joint rod. down 90 menit. Info ke foreman."
WO-26-10708,2026-08-02,Kenanga,Wahyu,"rod kn-071 part di kedalaman ±3100 ft, dilakukan fishing & ganti 12 joint rod. downtime 6 jam. lapor via radio ke control room."
WO-26-11601,2026-08-02,Seruni,Irfan,"kabel esp sr-058 insulasi jelek (megger rendah), pompa & motor ok. penggantian power cable via workover. off kurang lebih 4 jam ref wo sebelumnya."
WO-26-10324,2026-08-03,Kenanga,Bambang,"Gearbox pumping unit KN-112 bunyi kasar, oli bocor dikit. Ganti bearing gearbox + top up oli. downtime 4 jam. Mohon follow up PO spare."
WO-26-10867,2026-08-03,Melati,Wahyu,Kompresor K-ML1-201 trip high vibration. Bearing sisi drive diganti. downtime 1 hari.
WO-26-10362,2026-08-04,Kenanga,Rizal,"SRP KN-033 rod part, polished rod ringan & dyno card abnormal. Fishing job + ganti rod string sebagian. stop pkl 15.00, normal kembali pkl 19.00. Kondisi hujan, akses jalan licin."
WO-26-10840,2026-08-04,Melati,Fikri,"Motor drive head PCP ML-034 panas & trip thermal. Motor diganti unit spare. down 45 menit. Kondisi hujan, akses jalan licin."
WO-26-12150,2026-08-04,Seruni,Bambang,"FL-SR-003 leak di low point, ada genangan minyak. Pasang leak clamp, laporkan ke HSE. mati 08.30-13.00 Sumur sebelahnya aman."
WO-26-12556,2026-08-04,Kenanga,Doni,"SRP KN-077 rod part, polished rod ringan & dyno card abnormal. Fishing job + ganti rod string sebagian. downtime 1 hari. Mohon follow up PO spare."
WO-26-10245,2026-08-05,Melati,Rizal,"Separator V-ML1-101 high level alarm, LCV tidak membuka. Kalibrasi level transmitter + perbaiki positioner LCV. mati sejak pukul 21.00 kemarin malam, running lagi 03.00 pagi."
WO-26-11892,2026-08-05,Kenanga,Hendra,"KN-131 pompa angguk jalan tp ga ada produksi, dyno: rod putus. Pulling unit masuk, rod diganti. mati sejak pukul 21.00 kemarin malam, running lagi 03.00 pagi"
WO-26-11332,2026-08-06,Kenanga,Rizal,"FL-KN-019 leak di low point, ada genangan minyak. Pasang leak clamp, laporkan ke HSE. down ±4 jam Sumur sebelahnya aman."
WO-26-10634,2026-08-07,Kenanga,Doni,"KN-082 belt slip & 1 putus. Ganti V-belt 3 pcs dan setel tension. stop pkl 15.00, normal kembali pkl 20.00 Ref WO sebelumnya."
WO-26-11470,2026-08-07,Kenanga,Doni,"Stuffing box KN-169 bocor, minyak rembes ke cellar. Ganti packing stuffing box, area dibersihkan. sumur off 3 hari nunggu rig. Cek SRP lain di pad yg sama normal."
WO-26-12078,2026-08-07,Kenanga,Hendra,"SRP KN-100 rod part, polished rod ringan & dyno card abnormal. Fishing job + ganti rod string sebagian. DT 14h. Lapor via radio ke control room."
WO-26-10040,2026-08-08,Melati,Rizal,"Kompresor K-ML1-201 trip high vibration. Bearing sisi drive diganti. sumur off 1,5 hari nunggu rig. Cek SRP lain di pad yg sama normal."
WO-26-10571,2026-08-09,Kenanga,Hendra,"KN-077 produksi turun drastis, dyno card menunjukkan pump worn (fluid pound). Ganti downhole pump. down 90 menit. Cek SRP lain di pad yg sama normal."
WO-26-10854,2026-08-09,Kenanga,Fikri,"Feedwater pump SG-KN-02 vibrasi tinggi, bearing diganti. Generator sempat turun rate. sumur off 1 hari nunggu rig. Ref WO sebelumnya."
WO-26-12349,2026-08-11,Seruni,Hendra,"SR-032: unit ESP ga mau start, hasil megger motor short. Diputuskan workover, motor diganti baru. mati sejak pukul 21.00 kemarin malam, running lagi 05.00 pagi Ref WO sebelumnya."
WO-26-10950,2026-08-12,Seruni,Arif,"SR-007 ESP trip, megger kabel drop ke 2 Mohm (normal >100). Suspect kabel bocor di splice. Rig masuk, ganti cable+splice. mati 09.00-16.30. Info ke foreman."
WO-26-12453,2026-08-15,Kenanga,Wahyu,"kn-077 pompa angguk jalan tp ga ada produksi, dyno: rod putus. pulling unit masuk, rod diganti. sumur off 3 hari nunggu rig cek srp lain di pad yg sama normal."
WO-26-10548,2026-08-16,Kenanga,Arif,"FL-KN-029 buntu wax, dilakukan hot oiling. down 45 menit Ref WO sebelumnya."
WO-26-11143,2026-08-16,Melati,Sutrisno,"ESP ML-023 trip OL, ampere naik 40% dari normal. Megger kabel & motor OK, suspect pompa ngeblok pasir. Hot oil flushing lalu start ulang normal. DT 9h. Mohon follow up PO spare."
WO-26-11230,2026-08-17,Kenanga,Wahyu,"rod KN-106 part di kedalaman ±12 ft, dilakukan fishing & ganti 12 joint rod. mati sejak pukul 22.00 kemarin malam, running lagi 04.00 pagi."
WO-26-11375,2026-08-17,Kenanga,Hendra,"KN-041 belt slip & 1 putus. Ganti V-belt 3 pcs dan setel tension. downtime 1,5 hari Info ke foreman."
WO-26-12412,2026-08-19,Kenanga,Agus,"SRP KN-115 rod part, polished rod ringan & dyno card abnormal. Fishing job + ganti rod string sebagian. mati sejak pukul 20.00 kemarin malam, running lagi 03.00 pagi. Ref WO sebelumnya."
WO-26-10109,2026-08-20,Melati,Sutrisno,"ML-032 stator PCP rusak (elastomer swell). Rig masuk ganti rotor-stator. stop pkl 15.00, normal kembali pkl 18.00 Lapor via radio ke control room."
WO-26-10658,2026-08-22,Kenanga,Arif,"rod KN-065 part di kedalaman ±15 ft, dilakukan fishing & ganti 12 joint rod. downtime 1 hari. Lapor via radio ke control room."
WO-26-11018,2026-08-24,Kenanga,Rizal,"Flowline FL-KN-019 bocor (pinhole) akibat korosi internal, tumpahan ±12 bbl ke ROW. Clamp sementara + clean up. sumur off dari jam 06.30 s/d 11.30."
WO-26-10628,2026-08-25,Kenanga,Fikri,"SRP KN-077 rod part, polished rod ringan & dyno card abnormal. Fishing job + ganti rod string sebagian. stop pkl 13.00, normal kembali pkl 18.00."
WO-26-12227,2026-08-25,Kenanga,Sutrisno,"KN-002 produksi turun drastis, dyno card menunjukkan pump worn (fluid pound). Ganti downhole pump. mati 07.30-12.00."
WO-26-10890,2026-08-26,Seruni,Agus,"SR-041 ESP trip, megger kabel drop ke 2 Mohm (normal >100). Suspect kabel bocor di splice. Rig masuk, ganti cable+splice. mati 08.00-11.00."
WO-26-11012,2026-08-26,Kenanga,Hendra,KN-124 belt slip & 1 putus. Ganti V-belt 3 pcs dan setel tension. downtime 2 jam Info ke foreman.
WO-26-11347,2026-08-26,Kenanga,Yudi,KN-077 belt slip & 1 putus. Ganti V-belt 3 pcs dan setel tension. downtime 5 jam Sumur sebelahnya aman.
WO-26-11917,2026-08-26,Kenanga,Doni,"kn-160 leak di stuffing box, ada ceceran minyak ±3100 liter di sekitar wellhead. packing diganti + housekeeping. down 90 menit info ke foreman."
WO-26-10378,2026-08-27,Melati,Wahyu,"K-ML1-201 vibrasi naik ke 8 mm/s, bearing aus. Overhaul parsial. down 90 menit"
WO-26-11415,2026-08-27,Melati,Doni,ML-034 stator PCP rusak (elastomer swell). Rig masuk ganti rotor-stator. down 45 menit Info ke foreman.
WO-26-10925,2026-08-28,Kenanga,Rizal,"Stuffing box KN-036 bocor, minyak rembes ke cellar. Ganti packing stuffing box, area dibersihkan. downtime 1 hari."
WO-26-11683,2026-08-28,Kenanga,Rahmat,"KN-077 pompa angguk jalan tp ga ada produksi, dyno: rod putus. Pulling unit masuk, rod diganti. downtime 2 hari Ref WO sebelumnya."
WO-26-11901,2026-08-29,Seruni,Sutrisno,"SR-014 ESP trip, megger kabel drop ke 2 Mohm (normal >100). Suspect kabel bocor di splice. Rig masuk, ganti cable+splice. down 45 menit. Info ke foreman."
WO-26-12728,2026-08-29,Kenanga,Arif,"rod KN-112 part di kedalaman ±3 ft, dilakukan fishing & ganti 12 joint rod. down 90 menit."
WO-26-12134,2026-08-30,Seruni,Wahyu,"vsd sr-008 display mati, kartu kontrol rusak (cek kabel downhole normal). ganti control board vsd. stop pkl 14.00, normal kembali pkl 19.00."
WO-26-12368,2026-08-30,Kenanga,Fikri,"KN-070 produksi turun drastis, dyno card menunjukkan pump worn (fluid pound). Ganti downhole pump. mati 09.30-16.00. Kondisi hujan, akses jalan licin."
WO-26-10768,2026-08-31,Kenanga,Yudi,"KN-077 produksi turun drastis, dyno card menunjukkan pump worn (fluid pound). Ganti downhole pump. sumur off 1 hari nunggu rig. Sumur sebelahnya aman."
WO-26-12015,2026-08-31,Kenanga,Arif,"KN-151 pompa angguk jalan tp ga ada produksi, dyno: rod putus. Pulling unit masuk, rod diganti. down ±3 jam Info ke foreman."
WO-26-10943,2026-09-01,Kenanga,Arif,"KN-053 pompa angguk jalan tp ga ada produksi, dyno: rod putus. Pulling unit masuk, rod diganti. mati sejak pukul 23.00 kemarin malam, running lagi 05.00 pagi Sumur sebelahnya aman."
WO-26-11252,2026-09-01,Kenanga,Doni,"kn-077 pompa angguk jalan tp ga ada produksi, dyno: rod putus. pulling unit masuk, rod diganti. sumur off 2 hari nunggu rig"
WO-26-12578,2026-09-02,Melati,Rahmat,"PM VSD ML-010: bersihkan filter udara, cek koneksi terminal, thermal scan OK. unit stop 3 jam selama PM. Ref WO sebelumnya."
WO-26-10435,2026-09-03,Kenanga,Rizal,"PM rutin pumping unit KN-158: greasing, cek alignment, setel counterbalance. unit stop 1 jam selama PM."
WO-26-10404,2026-09-04,Kenanga,Bambang,"SG-KN-09 trip flame failure berulang. Flame scanner kotor/rusak, diganti baru. Burner normal. downtime 5 jam."
WO-26-11411,2026-09-05,Seruni,Bambang,"SR-049: unit ESP ga mau start, hasil megger motor short. Diputuskan workover, motor diganti baru. sumur off 2 hari nunggu rig Sumur sebelahnya aman."
WO-26-11782,2026-09-05,Kenanga,Agus,"SRP KN-112 rod part, polished rod ringan & dyno card abnormal. Fishing job + ganti rod string sebagian. downtime 2 hari. Lapor via radio ke control room."
WO-26-11224,2026-09-06,Kenanga,Irfan,"FL-KN-005 leak di low point, ada genangan minyak. Pasang leak clamp, laporkan ke HSE. sumur off 3 hari nunggu rig Ref WO sebelumnya."
WO-26-12104,2026-09-06,Kenanga,Doni,"sg-kn-10: burner flame-out, cek fuel gas pressure normal, ternyata uv scanner error. ganti scanner. off kurang lebih 3 jam sumur sebelahnya aman."
WO-26-12482,2026-09-06,Seruni,Irfan,"kabel ESP SR-027 insulasi jelek (megger rendah), pompa & motor ok. Penggantian power cable via workover. mati 10.00-15.00 Ref WO sebelumnya."
WO-26-10413,2026-09-07,Kenanga,Agus,"KN-112 leak di stuffing box, ada ceceran minyak ±12 liter di sekitar wellhead. Packing diganti + housekeeping. sumur off dari jam 06.00 s/d 12.30 Ref WO sebelumnya."
WO-26-11723,2026-09-07,Kenanga,Sutrisno,"KN-107 produksi turun drastis, dyno card menunjukkan pump worn (fluid pound). Ganti downhole pump. DT 9h. Info ke foreman."
WO-26-10785,2026-09-08,Seruni,Fikri,"V-SR1-102: level control hunting, positioner LCV rusak, diganti. Produksi GS sempat di-cut. mati sejak pukul 22.00 kemarin malam, running lagi 04.00 pagi Sumur sebelahnya aman."
WO-26-11927,2026-09-08,Kenanga,Bambang,"Stuffing box KN-154 bocor, minyak rembes ke cellar. Ganti packing stuffing box, area dibersihkan. DT 9h. Mohon follow up PO spare."
WO-26-10009,2026-09-09,Seruni,Doni,"Flowline FL-SR-014 tekanan naik, indikasi plugging parafin. Pigging + hot oil, tekanan normal. down 45 menit. Mohon follow up PO spare."
WO-26-11557,2026-09-09,Seruni,Rizal,"SR-041: unit ESP ga mau start, hasil megger motor short. Diputuskan workover, motor diganti baru. stop pkl 15.00, normal kembali pkl 20.00 Info ke foreman."
WO-26-11745,2026-09-09,Seruni,Agus,"PM VSD SR-006: bersihkan filter udara, cek koneksi terminal, thermal scan OK. unit stop 3 jam selama PM."
WO-26-11087,2026-09-11,Seruni,Sutrisno,"kabel ESP SR-042 insulasi jelek (megger rendah), pompa & motor ok. Penggantian power cable via workover. DT 6h Kondisi hujan, akses jalan licin."
WO-26-11981,2026-09-11,Kenanga,Bambang,"PM rutin pumping unit KN-001: greasing, cek alignment, setel counterbalance. unit stop 1 jam selama PM."
WO-26-10523,2026-09-12,Seruni,Bambang,"sumur sr-012 mati, vsd alarm ground fault. cek jb permukaan aman, ternyata kabel downhole yg rusak. ganti kabel lewat pulling job, down 45 menit. mohon follow up po spare."
WO-26-12324,2026-09-12,Kenanga,Irfan,"KN-164 produksi turun drastis, dyno card menunjukkan pump worn (fluid pound). Ganti downhole pump. mati sejak pukul 20.00 kemarin malam, running lagi 03.00 pagi."
WO-26-12539,2026-09-12,Kenanga,Agus,"KN-077 pompa angguk jalan tp ga ada produksi, dyno: rod putus. Pulling unit masuk, rod diganti. mati sejak pukul 20.00 kemarin malam, running lagi 03.00 pagi Kondisi hujan, akses jalan licin."
WO-26-11036,2026-09-13,Melati,Fikri,"ESP ML-017 trip OL, coba restart 2x gagal. Megger motor phase-to-ground 0 Mohm -> motor burnt. Usul pulling job ganti motor. downtime 1 hari."
WO-26-11338,2026-09-13,Kenanga,Agus,"Flowline FL-KN-019 tekanan naik, indikasi plugging parafin. Pigging + hot oil, tekanan normal. mati sejak pukul 22.00 kemarin malam, running lagi 05.00 pagi. Mohon follow up PO spare."
WO-26-12297,2026-09-13,Seruni,Hendra,"ESP SR-047 trip OL, ampere naik 30% dari normal. Megger kabel & motor OK, suspect pompa ngeblok pasir. Hot oil flushing lalu start ulang normal. DT 16h. Mohon follow up PO spare."
WO-26-12669,2026-09-13,Kenanga,Sutrisno,"KN-120 produksi turun drastis, dyno card menunjukkan pump worn (fluid pound). Ganti downhole pump. down 30 menit."
WO-26-10042,2026-09-14,Seruni,Rahmat,"underload SR-040, fluid level rendah. Setting VSD diubah + restart, kabel tidak ada masalah. down 45 menit Info ke foreman."
WO-26-10166,2026-09-14,Kenanga,Doni,"rembesan di flange manway v-kn2-101, gas detector bunyi sebentar (h2s 3100 ppm). area diisolasi, gasket diganti. down 45 menit. mohon follow up po spare."
WO-26-12282,2026-09-14,Seruni,Yudi,"SR-027 amp tinggi + vibrasi, sand content naik. Dilakukan flushing pompa, unit running kembali. stop pkl 13.00, normal kembali pkl 16.00"
WO-26-10534,2026-09-15,Seruni,Sutrisno,"ESP SR-021 trip OL, ampere naik 20% dari normal. Megger kabel & motor OK, suspect pompa ngeblok pasir. Hot oil flushing lalu start ulang normal. down 45 menit."
WO-26-12054,2026-09-15,Seruni,Irfan,"esp sr-014 trip ol, coba restart 2x gagal. megger motor phase-to-ground 0 mohm -> motor burnt. usul pulling job ganti motor. mati 07.00-15.00. sumur sebelahnya aman."
WO-26-11137,2026-09-16,Kenanga,Irfan,"PM rutin pumping unit KN-017: greasing, cek alignment, setel counterbalance. unit stop 2 jam selama PM. Info ke foreman."
WO-26-11562,2026-09-16,Seruni,Rahmat,"SR-002 ESP trip, megger kabel drop ke 2 Mohm (normal >100). Suspect kabel bocor di splice. Rig masuk, ganti cable+splice. down ±2 jam. Ref WO sebelumnya."
WO-26-12359,2026-09-16,Kenanga,Bambang,"rod kn-099 part di kedalaman ±12 ft, dilakukan fishing & ganti 12 joint rod. downtime 2 hari. mohon follow up po spare."
WO-26-11152,2026-09-18,Seruni,Arif,"underload SR-041, fluid level rendah. Setting VSD diubah + restart, kabel tidak ada masalah. downtime 8 jam Kondisi hujan, akses jalan licin."
WO-26-12295,2026-09-18,Kenanga,Yudi,"SRP KN-076 rod part, polished rod ringan & dyno card abnormal. Fishing job + ganti rod string sebagian. downtime 1 hari. Kondisi hujan, akses jalan licin."
WO-26-12742,2026-09-18,Kenanga,Agus,"Gearbox pumping unit KN-077 bunyi kasar, oli bocor dikit. Ganti bearing gearbox + top up oli. stop pkl 14.00, normal kembali pkl 18.00. Cek SRP lain di pad yg sama normal."
WO-26-10966,2026-09-19,Kenanga,Yudi,"V-belt prime mover KN-077 putus, ganti set belt baru. sumur off dari jam 08.00 s/d 14.30. Kondisi hujan, akses jalan licin."
WO-26-12109,2026-09-19,Kenanga,Rahmat,"KN-077 belt slip & 1 putus. Ganti V-belt 3 pcs dan setel tension. mati sejak pukul 22.00 kemarin malam, running lagi 05.00 pagi Sumur sebelahnya aman."
WO-26-11483,2026-09-20,Seruni,Wahyu,"SR-013 trip UL (underload) berulang, PIP turun, indikasi gas lock / inflow kurang. Frekuensi VSD diturunkan dari 55 ke 50 Hz, reset. down 45 menit. Cek SRP lain di pad yg sama normal."
WO-26-10580,2026-09-21,Kenanga,Arif,"SG-KN-10 trip flame failure berulang. Flame scanner kotor/rusak, diganti baru. Burner normal. mati sejak pukul 22.00 kemarin malam, running lagi 06.00 pagi. Ref WO sebelumnya."
WO-26-12443,2026-09-21,Kenanga,Bambang,"pm rutin pumping unit kn-047: greasing, cek alignment, setel counterbalance. unit stop 1 jam selama pm. sumur sebelahnya aman."
WO-26-10515,2026-09-22,Melati,Fikri,"Sumur ML-013 mati, VSD alarm ground fault. Cek JB permukaan aman, ternyata kabel downhole yg rusak. Ganti kabel lewat pulling job, stop pkl 13.00, normal kembali pkl 17.00. Mohon follow up PO spare."
WO-26-12268,2026-09-22,Melati,Rizal,"V-ML1-101: level control hunting, positioner LCV rusak, diganti. Produksi GS sempat di-cut. down 30 menit"
WO-26-12627,2026-09-22,Melati,Bambang,"Sumur ML-001 mati, VSD alarm ground fault. Cek JB permukaan aman, ternyata kabel downhole yg rusak. Ganti kabel lewat pulling job, mati 10.30-13.30. Cek SRP lain di pad yg sama normal."
WO-26-11973,2026-09-23,Melati,Doni,"kabel ESP ML-019 insulasi jelek (megger rendah), pompa & motor ok. Penggantian power cable via workover. down 90 menit"
WO-26-10086,2026-09-24,Seruni,Irfan,"vsd sr-020 display mati, kartu kontrol rusak (cek kabel downhole normal). ganti control board vsd. stop pkl 13.00, normal kembali pkl 17.00."
WO-26-10052,2026-09-25,Seruni,Doni,"kabel ESP SR-059 insulasi jelek (megger rendah), pompa & motor ok. Penggantian power cable via workover. downtime 2 hari Lapor via radio ke control room."
WO-26-10222,2026-09-25,Melati,Hendra,Kompresor K-ML1-202 trip high vibration. Bearing sisi drive diganti. down 45 menit. Info ke foreman.
WO-26-11944,2026-09-25,Kenanga,Bambang,"Stuffing box KN-112 bocor, minyak rembes ke cellar. Ganti packing stuffing box, area dibersihkan. mati sejak pukul 21.00 kemarin malam, running lagi 03.00 pagi. Info ke foreman."
WO-26-10033,2026-09-26,Melati,Rizal,"Rembesan di flange manway V-ML1-101, gas detector bunyi sebentar (H2S 3100 ppm). Area diisolasi, gasket diganti. mati sejak pukul 23.00 kemarin malam, running lagi 06.00 pagi."
WO-26-10639,2026-09-27,Seruni,Rizal,"underload SR-033, fluid level rendah. Setting VSD diubah + restart, kabel tidak ada masalah. sumur off 2 hari nunggu rig Ref WO sebelumnya."
WO-26-11807,2026-09-29,Melati,Fikri,"PCP ML-035 torque tinggi lalu turun, produksi 0. Stator aus/terkelupas. Ganti pompa PCP via workover. mati sejak pukul 21.00 kemarin malam, running lagi 05.00 pagi. Kondisi hujan, akses jalan licin."
WO-26-10139,2026-09-30,Kenanga,Hendra,"rod kn-138 part di kedalaman ±2450 ft, dilakukan fishing & ganti 12 joint rod. mati sejak pukul 21.00 kemarin malam, running lagi 05.00 pagi. lapor via radio ke control room."
WO-26-11101,2026-09-30,Kenanga,Rizal,"PM rutin pumping unit KN-163: greasing, cek alignment, setel counterbalance. unit stop 1 jam selama PM. Lapor via radio ke control room."
